timestamp,problem,method,model,optimizer,lr,epochs,seed,grid_size,technique,tag,train_time_s,train_time_min,peak_gpu_memory_mb,gpu_memory_reserved_mb,ms_per_epoch,n_params,pde_rms,continuity_rms,momentum_rms,final_loss,best_epoch,status,device,gpu_name,pytorch_version
2026-04-27T15:36:31.490015,cavity,autodiff,mlp,adam,0.001,30000,0,50,none,multiseed_20260427,713.882,11.898,241.4,254.0,23.8,21187,0.019539,0.012248,0.015224,0.029512,5100,OK,cuda,NVIDIA H100 80GB HBM3 MIG 2g.20gb,2.9.0
2026-04-27T15:41:10.860087,cavity,sage,mlp,adam,0.001,30000,23,50,none,multiseed_20260427,67.021,1.117,385.6,394.0,2.23,21187,0.018937,0.016257,0.009712,0.024225,100,OK,cuda,NVIDIA H100 80GB HBM3 MIG 2g.20gb,2.9.0
2026-04-27T15:41:15.840907,cavity,sage,mlp,adam,0.001,30000,0,50,none,multiseed_20260427,65.632,1.0939,385.6,394.0,2.19,21187,0.019488,0.008785,0.017396,0.021236,3100,OK,cuda,NVIDIA H100 80GB HBM3 MIG 2g.20gb,2.9.0
2026-04-27T15:41:16.811295,cavity,sage,mlp,adam,0.001,30000,7,50,none,multiseed_20260427,66.601,1.11,385.6,394.0,2.22,21187,0.021362,0.01233,0.017445,0.019549,1300,OK,cuda,NVIDIA H100 80GB HBM3 MIG 2g.20gb,2.9.0
2026-04-27T15:41:18.202799,cavity,sage,mlp,adam,0.001,30000,1,50,none,multiseed_20260427,67.991,1.1332,385.6,394.0,2.27,21187,0.020395,0.010714,0.017354,0.023355,3200,OK,cuda,NVIDIA H100 80GB HBM3 MIG 2g.20gb,2.9.0
2026-04-27T15:42:39.213297,cavity,autodiff,mlp,adam,0.001,30000,1,50,none,multiseed_20260427,712.673,11.8779,241.4,254.0,23.76,21187,0.01655,0.007931,0.014526,0.020032,8800,OK,cuda,NVIDIA H100 80GB HBM3 MIG 2g.20gb,2.9.0
2026-04-27T15:42:41.897714,cavity,autodiff,mlp,adam,0.001,30000,42,50,none,multiseed_20260427,715.356,11.9226,241.4,254.0,23.85,21187,0.018502,0.011709,0.014326,0.022493,5400,OK,cuda,NVIDIA H100 80GB HBM3 MIG 2g.20gb,2.9.0
2026-04-27T15:42:44.163076,cavity,autodiff,mlp,adam,0.001,30000,7,50,none,multiseed_20260427,717.62,11.9603,241.4,254.0,23.92,21187,0.018839,0.008803,0.016656,0.02047,1800,OK,cuda,NVIDIA H100 80GB HBM3 MIG 2g.20gb,2.9.0
2026-04-27T15:42:45.853343,cavity,autodiff,mlp,adam,0.001,30000,23,50,none,multiseed_20260427,719.312,11.9885,241.4,254.0,23.98,21187,0.018937,0.016257,0.009713,0.016406,100,OK,cuda,NVIDIA H100 80GB HBM3 MIG 2g.20gb,2.9.0
2026-04-27T15:44:27.890545,cavity,sage,mlp,adam,0.001,30000,42,50,none,multiseed_20260427,65.718,1.0953,385.6,394.0,2.19,21187,0.017505,0.009904,0.014433,0.02132,4600,OK,cuda,NVIDIA H100 80GB HBM3 MIG 2g.20gb,2.9.0
2026-04-27T15:45:15.763566,cavity,sage,tsa-pinn,adam,0.001,30000,23,50,none,multiseed_20260427,115.242,1.9207,617.8,638.0,3.84,21571,0.023467,0.01149,0.020462,0.042193,6100,OK,cuda,NVIDIA H100 80GB HBM3 MIG 2g.20gb,2.9.0
2026-04-27T15:45:16.048540,cavity,sage,tsa-pinn,adam,0.001,30000,7,50,none,multiseed_20260427,115.584,1.9264,617.8,638.0,3.85,21571,0.01839,0.009486,0.015755,0.036006,100,OK,cuda,NVIDIA H100 80GB HBM3 MIG 2g.20gb,2.9.0
2026-04-27T15:45:16.186452,cavity,sage,tsa-pinn,adam,0.001,30000,1,50,none,multiseed_20260427,115.472,1.9245,617.8,638.0,3.85,21571,0.020481,0.010329,0.017686,0.050085,200,OK,cuda,NVIDIA H100 80GB HBM3 MIG 2g.20gb,2.9.0
2026-04-27T15:45:17.921270,cavity,sage,tsa-pinn,adam,0.001,30000,0,50,none,multiseed_20260427,116.133,1.9355,617.8,638.0,3.87,21571,0.019181,0.015426,0.0114,0.038537,200,OK,cuda,NVIDIA H100 80GB HBM3 MIG 2g.20gb,2.9.0
2026-04-27T15:45:19.620232,cavity,sage,tsa-pinn,adam,0.001,30000,42,50,none,multiseed_20260427,118.531,1.9755,617.8,638.0,3.95,21571,0.021903,0.008277,0.020278,0.035205,3500,OK,cuda,NVIDIA H100 80GB HBM3 MIG 2g.20gb,2.9.0
2026-04-27T15:45:38.235587,cavity,sage,pirate-net,adam,0.001,30000,1,50,none,multiseed_20260427,137.498,2.2916,569.5,590.0,4.58,20983,0.022795,0.010351,0.02031,0.022887,6100,OK,cuda,NVIDIA H100 80GB HBM3 MIG 2g.20gb,2.9.0
2026-04-27T15:45:40.022739,cavity,sage,pirate-net,adam,0.001,30000,0,50,none,multiseed_20260427,138.91,2.3152,569.5,592.0,4.63,20983,0.018546,0.008815,0.016317,0.028731,3300,OK,cuda,NVIDIA H100 80GB HBM3 MIG 2g.20gb,2.9.0
2026-04-27T15:48:54.903857,cavity,sage,pirate-net,adam,0.001,30000,7,50,none,multiseed_20260427,137.814,2.2969,569.5,592.0,4.59,20983,0.019022,0.013801,0.013091,0.022116,15000,OK,cuda,NVIDIA H100 80GB HBM3 MIG 2g.20gb,2.9.0
2026-04-27T15:48:56.023496,cavity,sage,pirate-net,adam,0.001,30000,42,50,none,multiseed_20260427,139.245,2.3207,569.5,592.0,4.64,20983,0.022481,0.011138,0.019528,0.028646,28200,OK,cuda,NVIDIA H100 80GB HBM3 MIG 2g.20gb,2.9.0
2026-04-27T15:48:58.325065,cavity,dtpinn,mlp,lbfgs,0.04,5000,1,50,none,multiseed_20260427,911.564,15.1927,472.9,486.0,182.31,21187,0.025547,0.009929,0.023538,0.000433,100,OK,cuda,NVIDIA H100 80GB HBM3 MIG 2g.20gb,2.9.0
2026-04-27T15:49:01.703266,cavity,sage,pirate-net,adam,0.001,30000,23,50,none,multiseed_20260427,144.545,2.4091,569.5,592.0,4.82,20983,0.021885,0.010075,0.019428,0.023818,3600,OK,cuda,NVIDIA H100 80GB HBM3 MIG 2g.20gb,2.9.0
2026-04-27T15:49:18.846694,cavity,dtpinn,mlp,lbfgs,0.04,5000,42,50,none,multiseed_20260427,737.701,12.295,472.9,486.0,147.54,21187,0.025966,0.010269,0.023849,0.000259,100,OK,cuda,NVIDIA H100 80GB HBM3 MIG 2g.20gb,2.9.0
2026-04-27T15:49:24.207270,cavity,dtpinn,mlp,lbfgs,0.04,5000,7,50,none,multiseed_20260427,937.449,15.6242,472.9,486.0,187.49,21187,0.022787,0.01005,0.020451,0.000374,100,OK,cuda,NVIDIA H100 80GB HBM3 MIG 2g.20gb,2.9.0
2026-04-27T15:49:36.909693,cavity,dtpinn,mlp,lbfgs,0.04,5000,23,50,none,multiseed_20260427,761.419,12.6903,472.9,486.0,152.28,21187,0.025014,0.010214,0.022834,0.000258,100,OK,cuda,NVIDIA H100 80GB HBM3 MIG 2g.20gb,2.9.0
2026-04-27T15:49:57.237227,cavity,dtpinn,mlp,lbfgs,0.04,5000,0,50,none,multiseed_20260427,970.476,16.1746,472.9,486.0,194.1,21187,0.025085,0.009716,0.023127,0.000339,100,OK,cuda,NVIDIA H100 80GB HBM3 MIG 2g.20gb,2.9.0
2026-04-27T15:51:35.856890,cavity,dtpinn,tsa-pinn,lbfgs,0.04,5000,0,50,none,multiseed_20260427,875.327,14.5888,962.3,966.0,175.07,21571,0.033708,0.012732,0.03121,0.06276,800,OK,cuda,NVIDIA H100 80GB HBM3 MIG 2g.20gb,2.9.0
2026-04-27T15:53:11.503521,cavity,dtpinn,tsa-pinn,lbfgs,0.04,5000,23,50,none,multiseed_20260427,970.869,16.1811,962.3,966.0,194.17,21571,0.026545,0.011112,0.024107,0.033872,400,OK,cuda,NVIDIA H100 80GB HBM3 MIG 2g.20gb,2.9.0
2026-04-27T15:54:20.986362,cavity,dtpinn,tsa-pinn,lbfgs,0.04,5000,42,50,none,multiseed_20260427,1040.312,17.3385,962.3,966.0,208.06,21571,0.026603,0.009787,0.024737,0.024808,400,OK,cuda,NVIDIA H100 80GB HBM3 MIG 2g.20gb,2.9.0
2026-04-27T15:54:50.054451,cavity,autodiff,tsa-pinn,adam,0.001,30000,0,50,none,multiseed_20260427,1443.496,24.0583,473.6,496.0,48.12,21571,0.019763,0.015059,0.012798,0.041091,200,OK,cuda,NVIDIA H100 80GB HBM3 MIG 2g.20gb,2.9.0
2026-04-27T15:54:50.242791,cavity,autodiff,tsa-pinn,adam,0.001,30000,1,50,none,multiseed_20260427,1443.684,24.0614,473.6,496.0,48.12,21571,0.020489,0.010327,0.017696,0.039002,200,OK,cuda,NVIDIA H100 80GB HBM3 MIG 2g.20gb,2.9.0
2026-04-27T15:55:04.855946,cavity,autodiff,tsa-pinn,adam,0.001,30000,7,50,none,multiseed_20260427,1458.296,24.3049,473.6,496.0,48.61,21571,0.01839,0.009486,0.015755,0.035336,100,OK,cuda,NVIDIA H100 80GB HBM3 MIG 2g.20gb,2.9.0
2026-04-27T15:56:21.294657,cavity,dtpinn,tsa-pinn,lbfgs,0.04,5000,7,50,none,multiseed_20260427,1160.731,19.3455,962.3,966.0,232.15,21571,0.028528,0.008497,0.027233,0.024092,400,OK,cuda,NVIDIA H100 80GB HBM3 MIG 2g.20gb,2.9.0
2026-04-27T15:56:29.082978,cavity,dtpinn,pirate-net,lbfgs,0.04,5000,0,50,none,multiseed_20260427,1168.31,19.4718,823.2,1072.0,233.66,20983,0.022643,0.008286,0.021072,0.000358,100,OK,cuda,NVIDIA H100 80GB HBM3 MIG 2g.20gb,2.9.0
2026-04-27T15:57:43.872248,cavity,autodiff,tsa-pinn,adam,0.001,30000,23,50,none,multiseed_20260427,1442.424,24.0404,473.6,496.0,48.08,21571,0.019264,0.011623,0.015362,0.040646,3300,OK,cuda,NVIDIA H100 80GB HBM3 MIG 2g.20gb,2.9.0
2026-04-27T15:57:52.507611,cavity,autodiff,tsa-pinn,adam,0.001,30000,42,50,none,multiseed_20260427,1451.563,24.1927,473.6,498.0,48.39,21571,0.022328,0.008869,0.020491,0.038961,7100,OK,cuda,NVIDIA H100 80GB HBM3 MIG 2g.20gb,2.9.0
2026-04-27T15:58:35.913810,cavity,dtpinn,tsa-pinn,lbfgs,0.04,5000,1,50,none,multiseed_20260427,1295.384,21.5897,962.3,966.0,259.08,21571,0.027294,0.014129,0.023352,0.032884,600,OK,cuda,NVIDIA H100 80GB HBM3 MIG 2g.20gb,2.9.0
2026-04-27T15:58:52.304422,cavity,ropinn,mlp,adam,0.001,30000,7,50,none,multiseed_20260427,735.776,12.2629,241.4,254.0,24.53,21187,0.021166,0.01235,0.01719,0.01911,4900,OK,cuda,NVIDIA H100 80GB HBM3 MIG 2g.20gb,2.9.0
2026-04-27T15:58:53.322959,cavity,ropinn,mlp,adam,0.001,30000,0,50,none,multiseed_20260427,737.057,12.2843,241.4,254.0,24.57,21187,0.02161,0.012968,0.017286,0.019274,6300,OK,cuda,NVIDIA H100 80GB HBM3 MIG 2g.20gb,2.9.0
2026-04-27T15:58:57.603698,cavity,ropinn,mlp,adam,0.001,30000,42,50,none,multiseed_20260427,741.261,12.3543,241.4,254.0,24.71,21187,0.020795,0.010009,0.018228,0.025038,3800,OK,cuda,NVIDIA H100 80GB HBM3 MIG 2g.20gb,2.9.0
2026-04-27T15:58:57.661242,cavity,ropinn,mlp,adam,0.001,30000,1,50,none,multiseed_20260427,741.408,12.3568,241.4,254.0,24.71,21187,0.020591,0.009306,0.018368,0.020727,3900,OK,cuda,NVIDIA H100 80GB HBM3 MIG 2g.20gb,2.9.0
2026-04-27T15:59:36.152472,cavity,ropinn,mlp,adam,0.001,30000,23,50,none,multiseed_20260427,779.604,12.9934,241.4,254.0,25.99,21187,0.018937,0.016255,0.009715,0.022023,100,OK,cuda,NVIDIA H100 80GB HBM3 MIG 2g.20gb,2.9.0
2026-04-27T16:00:54.759662,cavity,dtpinn,pirate-net,lbfgs,0.04,5000,42,50,none,multiseed_20260427,1243.683,20.728,823.2,1072.0,248.74,20983,0.022626,0.007903,0.021201,0.000294,200,OK,cuda,NVIDIA H100 80GB HBM3 MIG 2g.20gb,2.9.0
2026-04-27T16:02:50.737208,cavity,dtpinn,pirate-net,lbfgs,0.04,5000,23,50,none,multiseed_20260427,1359.093,22.6515,823.2,1072.0,271.82,20983,0.023169,0.007049,0.022071,0.000359,200,OK,cuda,NVIDIA H100 80GB HBM3 MIG 2g.20gb,2.9.0
2026-04-27T16:02:23.951744,cavity,pielm,pielm,direct,0,30000,23,50,none,multiseed_20260427,2274.88,37.9147,0.0,0.0,75.83,1500,0.080767,0.009789,0.080171,1e-05,,OK,cpu,cpu,2.9.0
2026-04-27T16:04:37.826307,cavity,dtpinn,pirate-net,lbfgs,0.04,5000,7,50,none,multiseed_20260427,1656.953,27.6159,823.2,1072.0,331.39,20983,0.024753,0.006807,0.023799,0.000354,200,OK,cuda,NVIDIA H100 80GB HBM3 MIG 2g.20gb,2.9.0
2026-04-27T16:06:01.470390,kovasznay,autodiff,mlp,adam,0.001,30000,0,30,none,multiseed_20260427,373.177,6.2196,182.1,188.0,12.44,21187,0.006528,0.003237,0.005669,0.000319,15200,OK,cuda,NVIDIA H100 80GB HBM3 MIG 2g.20gb,2.9.0
2026-04-27T16:06:02.327558,kovasznay,autodiff,mlp,adam,0.001,30000,7,30,none,multiseed_20260427,374.403,6.2401,182.1,188.0,12.48,21187,0.006178,0.002324,0.005725,0.000264,22800,OK,cuda,NVIDIA H100 80GB HBM3 MIG 2g.20gb,2.9.0
2026-04-27T16:06:03.670163,kovasznay,autodiff,mlp,adam,0.001,30000,23,30,none,multiseed_20260427,375.746,6.2624,182.1,188.0,12.52,21187,0.005522,0.002592,0.004876,0.000201,16000,OK,cuda,NVIDIA H100 80GB HBM3 MIG 2g.20gb,2.9.0
2026-04-27T16:06:07.222639,kovasznay,autodiff,mlp,adam,0.001,30000,1,30,none,multiseed_20260427,379.223,6.3204,182.1,188.0,12.64,21187,0.006391,0.003122,0.005576,8.1e-05,19000,OK,cuda,NVIDIA H100 80GB HBM3 MIG 2g.20gb,2.9.0
2026-04-27T16:07:20.877523,cavity,dtpinn,pirate-net,lbfgs,0.04,5000,1,50,none,multiseed_20260427,1820.104,30.3351,823.2,1072.0,364.02,20983,0.022657,0.006902,0.02158,0.000399,300,OK,cuda,NVIDIA H100 80GB HBM3 MIG 2g.20gb,2.9.0
2026-04-27T16:09:19.112517,cavity,pielm,pielm,direct,0,30000,0,50,none,multiseed_20260427,2689.832,44.8305,0.0,0.0,89.66,1500,0.083209,0.012743,0.082228,9e-06,,OK,cpu,cpu,2.9.0
2026-04-27T16:10:01.207689,kovasznay,autodiff,mlp,adam,0.001,30000,42,30,none,multiseed_20260427,383.645,6.3941,182.1,188.0,12.79,21187,0.006299,0.003028,0.005524,0.000258,17400,OK,cuda,NVIDIA H100 80GB HBM3 MIG 2g.20gb,2.9.0
2026-04-27T16:10:33.674799,cavity,pielm,pielm,direct,0,30000,42,50,none,multiseed_20260427,2764.632,46.0772,0.0,0.0,92.15,1500,0.087422,0.018878,0.085359,1.4e-05,,OK,cpu,cpu,2.9.0
2026-04-27T16:11:15.756941,cavity,ropinn,tsa-pinn,adam,0.001,30000,0,50,none,multiseed_20260427,1479.272,24.6545,473.6,498.0,49.31,21571,0.019193,0.015314,0.01157,0.031181,200,OK,cuda,NVIDIA H100 80GB HBM3 MIG 2g.20gb,2.9.0
2026-04-27T16:12:12.525768,kovasznay,dtpinn,mlp,lbfgs,0.04,5000,42,30,none,multiseed_20260427,150.61,2.5102,345.2,368.0,30.12,21187,0.004489,0.002581,0.003673,3.5e-05,5000,OK,cuda,NVIDIA H100 80GB HBM3 MIG 2g.20gb,2.9.0
2026-04-27T16:12:14.019647,kovasznay,dtpinn,mlp,lbfgs,0.04,5000,1,30,none,multiseed_20260427,151.399,2.5233,345.2,368.0,30.28,21187,0.003864,0.002168,0.003198,2.8e-05,5000,OK,cuda,NVIDIA H100 80GB HBM3 MIG 2g.20gb,2.9.0
2026-04-27T16:12:18.337728,kovasznay,dtpinn,mlp,lbfgs,0.04,5000,0,30,none,multiseed_20260427,156.477,2.608,345.2,368.0,31.3,21187,0.003936,0.002162,0.003289,2.7e-05,5000,OK,cuda,NVIDIA H100 80GB HBM3 MIG 2g.20gb,2.9.0
2026-04-27T16:12:19.145810,kovasznay,dtpinn,mlp,lbfgs,0.04,5000,23,30,none,multiseed_20260427,157.23,2.6205,345.2,368.0,31.45,21187,0.003561,0.001914,0.003003,2.2e-05,5000,OK,cuda,NVIDIA H100 80GB HBM3 MIG 2g.20gb,2.9.0
2026-04-27T16:12:45.983558,kovasznay,dtpinn,mlp,lbfgs,0.04,5000,7,30,none,multiseed_20260427,183.338,3.0556,345.2,368.0,36.67,21187,0.003448,0.001976,0.002826,2.3e-05,5000,OK,cuda,NVIDIA H100 80GB HBM3 MIG 2g.20gb,2.9.0
2026-04-27T16:14:12.851572,cavity,ropinn,tsa-pinn,adam,0.001,30000,1,50,none,multiseed_20260427,1460.335,24.3389,473.6,498.0,48.68,21571,0.020828,0.010345,0.018077,0.036885,200,OK,cuda,NVIDIA H100 80GB HBM3 MIG 2g.20gb,2.9.0
2026-04-27T16:14:13.304557,cavity,ropinn,tsa-pinn,adam,0.001,30000,42,50,none,multiseed_20260427,1460.229,24.3372,473.6,498.0,48.67,21571,0.022022,0.011384,0.018852,0.038664,3100,OK,cuda,NVIDIA H100 80GB HBM3 MIG 2g.20gb,2.9.0
2026-04-27T16:14:17.765122,cavity,ropinn,tsa-pinn,adam,0.001,30000,7,50,none,multiseed_20260427,1461.897,24.3649,473.6,498.0,48.73,21571,0.018391,0.009486,0.015756,0.028995,100,OK,cuda,NVIDIA H100 80GB HBM3 MIG 2g.20gb,2.9.0
2026-04-27T16:14:34.357271,cavity,pielm,pielm,direct,0,30000,1,50,none,multiseed_20260427,3005.073,50.0846,0.0,0.0,100.17,1500,0.081148,0.010562,0.080458,6e-06,,OK,cpu,cpu,2.9.0
2026-04-27T16:15:42.609473,kovasznay,dtpinn,pirate-net,lbfgs,0.04,5000,0,30,none,multiseed_20260427,155.493,2.5916,582.3,742.0,31.1,20983,0.002403,0.001188,0.002089,9e-06,200,OK,cuda,NVIDIA H100 80GB HBM3 MIG 2g.20gb,2.9.0
2026-04-27T16:15:53.815582,cavity,ropinn,tsa-pinn,adam,0.001,30000,23,50,none,multiseed_20260427,1560.582,26.0097,473.6,498.0,52.02,21571,0.022789,0.011399,0.019733,0.044065,4500,OK,cuda,NVIDIA H100 80GB HBM3 MIG 2g.20gb,2.9.0
2026-04-27T16:15:59.062100,kovasznay,dtpinn,pirate-net,lbfgs,0.04,5000,23,30,none,multiseed_20260427,176.93,2.9488,582.3,742.0,35.39,20983,0.002696,0.001371,0.002322,1.7e-05,5000,OK,cuda,NVIDIA H100 80GB HBM3 MIG 2g.20gb,2.9.0
2026-04-27T16:16:03.842508,kovasznay,dtpinn,pirate-net,lbfgs,0.04,5000,1,30,none,multiseed_20260427,177.62,2.9603,582.3,742.0,35.52,20983,0.002648,0.001312,0.0023,1.4e-05,5000,OK,cuda,NVIDIA H100 80GB HBM3 MIG 2g.20gb,2.9.0
2026-04-27T16:16:08.015616,kovasznay,dtpinn,pirate-net,lbfgs,0.04,5000,7,30,none,multiseed_20260427,181.789,3.0298,582.3,742.0,36.36,20983,0.002662,0.001516,0.002187,1.4e-05,5000,OK,cuda,NVIDIA H100 80GB HBM3 MIG 2g.20gb,2.9.0
2026-04-27T16:17:03.094861,cavity,autodiff,pirate-net,adam,0.001,30000,7,50,none,multiseed_20260427,2595.273,43.2546,425.3,450.0,86.51,20983,0.021258,0.012733,0.017023,0.021879,8700,OK,cuda,NVIDIA H100 80GB HBM3 MIG 2g.20gb,2.9.0
2026-04-27T16:17:13.725448,kovasznay,sage,mlp,adam,0.001,30000,0,30,none,multiseed_20260427,52.449,0.8742,194.4,208.0,1.75,21187,0.006035,0.003277,0.005067,0.000155,15500,OK,cuda,NVIDIA H100 80GB HBM3 MIG 2g.20gb,2.9.0
2026-04-27T16:17:14.083815,kovasznay,sage,mlp,adam,0.001,30000,42,30,none,multiseed_20260427,52.416,0.8736,194.4,208.0,1.75,21187,0.006144,0.002532,0.005598,0.000146,22300,OK,cuda,NVIDIA H100 80GB HBM3 MIG 2g.20gb,2.9.0
2026-04-27T16:17:14.099433,kovasznay,sage,mlp,adam,0.001,30000,1,30,none,multiseed_20260427,52.645,0.8774,194.4,208.0,1.75,21187,0.006342,0.002994,0.00559,8.3e-05,21600,OK,cuda,NVIDIA H100 80GB HBM3 MIG 2g.20gb,2.9.0
2026-04-27T16:17:14.476608,cavity,autodiff,pirate-net,adam,0.001,30000,1,50,none,multiseed_20260427,2606.655,43.4442,425.3,450.0,86.89,20983,0.01862,0.01275,0.01357,0.02191,13600,OK,cuda,NVIDIA H100 80GB HBM3 MIG 2g.20gb,2.9.0
2026-04-27T16:17:15.905282,kovasznay,sage,mlp,adam,0.001,30000,7,30,none,multiseed_20260427,54.439,0.9073,194.4,208.0,1.81,21187,0.005883,0.002805,0.005171,0.000495,18900,OK,cuda,NVIDIA H100 80GB HBM3 MIG 2g.20gb,2.9.0
2026-04-27T16:17:17.790555,cavity,autodiff,pirate-net,adam,0.001,30000,23,50,none,multiseed_20260427,2609.969,43.4995,425.3,450.0,87.0,20983,0.022268,0.010235,0.019777,0.022665,13200,OK,cuda,NVIDIA H100 80GB HBM3 MIG 2g.20gb,2.9.0
2026-04-27T16:17:21.851698,kovasznay,sage,mlp,adam,0.001,30000,23,30,none,multiseed_20260427,55.756,0.9293,194.4,208.0,1.86,21187,0.005893,0.002323,0.005416,0.001375,27600,OK,cuda,NVIDIA H100 80GB HBM3 MIG 2g.20gb,2.9.0
2026-04-27T16:17:28.746627,kovasznay,autodiff,tsa-pinn,adam,0.001,30000,42,30,none,multiseed_20260427,863.612,14.3935,353.2,368.0,28.79,21571,0.007497,0.003206,0.006777,0.000879,23700,OK,cuda,NVIDIA H100 80GB HBM3 MIG 2g.20gb,2.9.0
2026-04-27T16:17:30.903250,cavity,autodiff,pirate-net,adam,0.001,30000,42,50,none,multiseed_20260427,2623.082,43.718,425.3,450.0,87.44,20983,0.021529,0.012451,0.017563,0.022341,10200,OK,cuda,NVIDIA H100 80GB HBM3 MIG 2g.20gb,2.9.0
2026-04-27T16:17:56.463093,cavity,autodiff,pirate-net,adam,0.001,30000,0,50,none,multiseed_20260427,2654.964,44.2494,425.3,450.0,88.5,20983,0.016554,0.010056,0.013149,0.024615,23700,OK,cuda,NVIDIA H100 80GB HBM3 MIG 2g.20gb,2.9.0
2026-04-27T16:18:01.100674,kovasznay,sage,tsa-pinn,adam,0.001,30000,0,30,none,multiseed_20260427,99.217,1.6536,365.6,388.0,3.31,21571,0.006803,0.003103,0.006054,0.000593,9900,OK,cuda,NVIDIA H100 80GB HBM3 MIG 2g.20gb,2.9.0
2026-04-27T16:18:09.161600,kovasznay,sage,tsa-pinn,adam,0.001,30000,1,30,none,multiseed_20260427,108.034,1.8006,365.6,390.0,3.6,21571,0.008371,0.003068,0.007788,0.000564,6800,OK,cuda,NVIDIA H100 80GB HBM3 MIG 2g.20gb,2.9.0
2026-04-27T16:18:38.200587,kovasznay,autodiff,tsa-pinn,adam,0.001,30000,7,30,none,multiseed_20260427,911.142,15.1857,353.2,368.0,30.37,21571,0.004439,0.00213,0.003895,0.001759,24800,OK,cuda,NVIDIA H100 80GB HBM3 MIG 2g.20gb,2.9.0
2026-04-27T16:19:08.231546,kovasznay,dtpinn,pirate-net,lbfgs,0.04,5000,42,30,none,multiseed_20260427,166.98,2.783,582.3,742.0,33.4,20983,0.002303,0.001091,0.002029,1.1e-05,5000,OK,cuda,NVIDIA H100 80GB HBM3 MIG 2g.20gb,2.9.0
2026-04-27T16:19:20.630413,kovasznay,autodiff,tsa-pinn,adam,0.001,30000,1,30,none,multiseed_20260427,953.564,15.8927,353.2,368.0,31.79,21571,0.009169,0.004188,0.008156,0.000694,4700,OK,cuda,NVIDIA H100 80GB HBM3 MIG 2g.20gb,2.9.0
2026-04-27T16:19:21.252569,kovasznay,autodiff,tsa-pinn,adam,0.001,30000,0,30,none,multiseed_20260427,943.675,15.7279,353.2,368.0,31.46,21571,0.006456,0.003244,0.005582,0.00125,4400,OK,cuda,NVIDIA H100 80GB HBM3 MIG 2g.20gb,2.9.0
2026-04-27T16:20:02.087353,cavity,pielm,pielm,direct,0,30000,7,50,none,multiseed_20260427,3333.15,55.5525,0.0,0.0,111.11,1500,0.088851,0.013042,0.087889,0.014544,,OK,cpu,cpu,2.9.0
2026-04-27T16:21:17.145359,kovasznay,sage,tsa-pinn,adam,0.001,30000,23,30,none,multiseed_20260427,98.201,1.6367,365.6,390.0,3.27,21571,0.006488,0.003523,0.005448,0.001922,18400,OK,cuda,NVIDIA H100 80GB HBM3 MIG 2g.20gb,2.9.0
2026-04-27T16:21:17.848292,kovasznay,sage,tsa-pinn,adam,0.001,30000,42,30,none,multiseed_20260427,98.974,1.6496,365.6,390.0,3.3,21571,0.005374,0.002801,0.004587,0.000954,19400,OK,cuda,NVIDIA H100 80GB HBM3 MIG 2g.20gb,2.9.0
2026-04-27T16:21:20.286709,kovasznay,sage,tsa-pinn,adam,0.001,30000,7,30,none,multiseed_20260427,101.125,1.6854,365.6,390.0,3.37,21571,0.005545,0.002653,0.00487,0.001142,23100,OK,cuda,NVIDIA H100 80GB HBM3 MIG 2g.20gb,2.9.0
2026-04-27T16:21:42.171283,kovasznay,sage,pirate-net,adam,0.001,30000,7,30,none,multiseed_20260427,123.186,2.0531,319.1,342.0,4.11,20983,0.039883,0.013879,0.03739,7.2e-05,29800,OK,cuda,NVIDIA H100 80GB HBM3 MIG 2g.20gb,2.9.0
2026-04-27T16:21:46.397037,kovasznay,sage,pirate-net,adam,0.001,30000,42,30,none,multiseed_20260427,126.926,2.1154,319.1,342.0,4.23,20983,0.011341,0.003788,0.010689,2.1e-05,5700,OK,cuda,NVIDIA H100 80GB HBM3 MIG 2g.20gb,2.9.0
2026-04-27T16:21:47.982631,kovasznay,sage,pirate-net,adam,0.001,30000,0,30,none,multiseed_20260427,122.956,2.0493,319.1,342.0,4.1,20983,0.010092,0.00569,0.008335,9e-06,6600,OK,cuda,NVIDIA H100 80GB HBM3 MIG 2g.20gb,2.9.0
2026-04-27T16:21:53.877259,kovasznay,sage,pirate-net,adam,0.001,30000,23,30,none,multiseed_20260427,134.361,2.2394,319.1,342.0,4.48,20983,0.015598,0.007781,0.013518,4e-06,11100,OK,cuda,NVIDIA H100 80GB HBM3 MIG 2g.20gb,2.9.0
2026-04-27T16:21:58.009202,kovasznay,sage,pirate-net,adam,0.001,30000,1,30,none,multiseed_20260427,132.977,2.2163,319.1,342.0,4.43,20983,0.026517,0.007226,0.025513,0.000493,5600,OK,cuda,NVIDIA H100 80GB HBM3 MIG 2g.20gb,2.9.0
2026-04-27T16:22:01.169726,kovasznay,autodiff,tsa-pinn,adam,0.001,30000,23,30,none,multiseed_20260427,1103.585,18.3931,353.2,368.0,36.79,21571,0.005285,0.002538,0.004636,0.00168,29600,OK,cuda,NVIDIA H100 80GB HBM3 MIG 2g.20gb,2.9.0
2026-04-27T16:26:12.171735,kovasznay,ropinn,mlp,adam,0.001,30000,1,30,none,multiseed_20260427,392.648,6.5441,182.1,188.0,13.09,21187,0.007006,0.003637,0.005988,0.000381,15500,OK,cuda,NVIDIA H100 80GB HBM3 MIG 2g.20gb,2.9.0
2026-04-27T16:26:46.072465,kovasznay,ropinn,mlp,adam,0.001,30000,0,30,none,multiseed_20260427,427.251,7.1208,182.1,188.0,14.24,21187,0.006882,0.003165,0.006111,0.00033,15400,OK,cuda,NVIDIA H100 80GB HBM3 MIG 2g.20gb,2.9.0
2026-04-27T16:29:32.541207,kovasznay,ropinn,mlp,adam,0.001,30000,23,30,none,multiseed_20260427,394.135,6.5689,182.1,188.0,13.14,21187,0.005971,0.00287,0.005236,0.000372,16600,OK,cuda,NVIDIA H100 80GB HBM3 MIG 2g.20gb,2.9.0
2026-04-27T16:29:33.200884,kovasznay,ropinn,mlp,adam,0.001,30000,42,30,none,multiseed_20260427,394.794,6.5799,182.1,188.0,13.16,21187,0.006666,0.003084,0.005909,0.000122,19300,OK,cuda,NVIDIA H100 80GB HBM3 MIG 2g.20gb,2.9.0
2026-04-27T16:29:43.873834,kovasznay,ropinn,mlp,adam,0.001,30000,7,30,none,multiseed_20260427,406.722,6.7787,182.1,188.0,13.56,21187,0.006476,0.002006,0.006158,2.9e-05,26600,OK,cuda,NVIDIA H100 80GB HBM3 MIG 2g.20gb,2.9.0
2026-04-27T16:31:13.222754,kovasznay,dtpinn,tsa-pinn,lbfgs,0.04,5000,23,30,none,multiseed_20260427,1090.925,18.1821,706.1,740.0,218.18,21571,0.015685,0.008175,0.013386,0.026118,600,OK,cuda,NVIDIA H100 80GB HBM3 MIG 2g.20gb,2.9.0
2026-04-27T16:31:28.187017,kovasznay,dtpinn,tsa-pinn,lbfgs,0.04,5000,42,30,none,multiseed_20260427,1105.846,18.4308,706.1,740.0,221.17,21571,0.015805,0.009196,0.012854,0.024491,600,OK,cuda,NVIDIA H100 80GB HBM3 MIG 2g.20gb,2.9.0
2026-04-27T16:33:13.059250,kovasznay,dtpinn,tsa-pinn,lbfgs,0.04,5000,7,30,none,multiseed_20260427,1210.127,20.1688,706.1,740.0,242.03,21571,0.016541,0.010338,0.012912,0.026235,600,OK,cuda,NVIDIA H100 80GB HBM3 MIG 2g.20gb,2.9.0
2026-04-27T16:33:35.397708,kovasznay,dtpinn,tsa-pinn,lbfgs,0.04,5000,0,30,none,multiseed_20260427,1232.776,20.5463,706.1,740.0,246.56,21571,0.017001,0.009484,0.01411,0.025878,600,OK,cuda,NVIDIA H100 80GB HBM3 MIG 2g.20gb,2.9.0
2026-04-27T16:33:45.359309,kovasznay,autodiff,pirate-net,adam,0.001,30000,7,30,none,multiseed_20260427,1645.039,27.4173,306.7,322.0,54.83,20983,0.032004,0.007752,0.031051,0.000115,15200,OK,cuda,NVIDIA H100 80GB HBM3 MIG 2g.20gb,2.9.0
2026-04-27T16:33:53.386050,kovasznay,dtpinn,tsa-pinn,lbfgs,0.04,5000,1,30,none,multiseed_20260427,1250.439,20.8406,706.1,740.0,250.09,21571,0.016587,0.008308,0.014356,0.024509,2200,OK,cuda,NVIDIA H100 80GB HBM3 MIG 2g.20gb,2.9.0
2026-04-27T16:33:57.117108,cavity,ropinn,pirate-net,adam,0.001,30000,7,50,none,multiseed_20260427,2644.489,44.0748,425.3,450.0,88.15,20983,0.021,0.011422,0.017622,0.025075,8200,OK,cuda,NVIDIA H100 80GB HBM3 MIG 2g.20gb,2.9.0
2026-04-27T16:34:15.279346,cavity,ropinn,pirate-net,adam,0.001,30000,0,50,none,multiseed_20260427,2662.478,44.3746,425.3,450.0,88.75,20983,0.0187,0.011091,0.015057,0.036767,24800,OK,cuda,NVIDIA H100 80GB HBM3 MIG 2g.20gb,2.9.0
2026-04-27T16:34:31.979028,cavity,ropinn,pirate-net,adam,0.001,30000,1,50,none,multiseed_20260427,2677.047,44.6174,425.3,450.0,89.23,20983,0.019351,0.012879,0.014443,0.026544,5500,OK,cuda,NVIDIA H100 80GB HBM3 MIG 2g.20gb,2.9.0
2026-04-27T16:34:34.497528,kovasznay,autodiff,pirate-net,adam,0.001,30000,23,30,none,multiseed_20260427,1689.87,28.1645,306.7,322.0,56.33,20983,0.020561,0.005661,0.019766,0.000573,29700,OK,cuda,NVIDIA H100 80GB HBM3 MIG 2g.20gb,2.9.0
2026-04-27T16:34:35.311172,kovasznay,autodiff,pirate-net,adam,0.001,30000,42,30,none,multiseed_20260427,1690.681,28.178,306.7,322.0,56.36,20983,0.022091,0.010419,0.019479,1.3e-05,3200,OK,cuda,NVIDIA H100 80GB HBM3 MIG 2g.20gb,2.9.0
2026-04-27T16:34:40.191807,kovasznay,autodiff,pirate-net,adam,0.001,30000,1,30,none,multiseed_20260427,1699.26,28.321,306.7,322.0,56.64,20983,0.02896,0.009209,0.027457,1.6e-05,20200,OK,cuda,NVIDIA H100 80GB HBM3 MIG 2g.20gb,2.9.0
2026-04-27T16:36:29.240975,cavity,ropinn,pirate-net,adam,0.001,30000,23,50,none,multiseed_20260427,2598.551,43.3092,425.3,450.0,86.62,20983,0.021969,0.011578,0.018671,0.030703,15800,OK,cuda,NVIDIA H100 80GB HBM3 MIG 2g.20gb,2.9.0
2026-04-27T16:37:46.992839,kovasznay,ropinn,tsa-pinn,adam,0.001,30000,0,30,none,multiseed_20260427,888.477,14.808,353.2,368.0,29.62,21571,0.007643,0.003212,0.006935,0.000921,4000,OK,cuda,NVIDIA H100 80GB HBM3 MIG 2g.20gb,2.9.0
2026-04-27T16:37:47.672760,kovasznay,ropinn,tsa-pinn,adam,0.001,30000,7,30,none,multiseed_20260427,890.646,14.8441,353.2,368.0,29.69,21571,0.008661,0.0023,0.00835,0.001205,25200,OK,cuda,NVIDIA H100 80GB HBM3 MIG 2g.20gb,2.9.0
2026-04-27T16:37:51.940035,kovasznay,ropinn,tsa-pinn,adam,0.001,30000,1,30,none,multiseed_20260427,893.425,14.8904,353.2,368.0,29.78,21571,0.00949,0.00343,0.008848,0.000824,7800,OK,cuda,NVIDIA H100 80GB HBM3 MIG 2g.20gb,2.9.0
2026-04-27T16:37:55.032445,kovasznay,ropinn,tsa-pinn,adam,0.001,30000,23,30,none,multiseed_20260427,897.545,14.9591,353.2,368.0,29.92,21571,0.007505,0.004159,0.006247,0.00253,6300,OK,cuda,NVIDIA H100 80GB HBM3 MIG 2g.20gb,2.9.0
2026-04-27T16:38:08.358318,kovasznay,autodiff,pirate-net,adam,0.001,30000,0,30,none,multiseed_20260427,1901.281,31.688,306.7,322.0,63.38,20983,0.010142,0.00517,0.008726,1e-05,8000,OK,cuda,NVIDIA H100 80GB HBM3 MIG 2g.20gb,2.9.0
2026-04-27T16:38:58.594582,elasticity,autodiff,mlp,adam,0.001,30000,1,30,none,multiseed_20260427,366.037,6.1006,174.3,180.0,12.2,21122,0.028602,0.020485,0.019961,0.002955,29900,OK,cuda,NVIDIA H100 80GB HBM3 MIG 2g.20gb,2.9.0
2026-04-27T16:38:58.705074,elasticity,autodiff,mlp,adam,0.001,30000,0,30,none,multiseed_20260427,366.145,6.1024,174.3,180.0,12.2,21122,0.030214,0.021496,0.021232,0.00239,29800,OK,cuda,NVIDIA H100 80GB HBM3 MIG 2g.20gb,2.9.0
2026-04-27T16:39:09.017278,kovasznay,ropinn,tsa-pinn,adam,0.001,30000,42,30,none,multiseed_20260427,971.499,16.1917,353.2,368.0,32.38,21571,0.007393,0.003351,0.00659,0.001148,9000,OK,cuda,NVIDIA H100 80GB HBM3 MIG 2g.20gb,2.9.0
2026-04-27T16:40:15.503567,cavity,ropinn,pirate-net,adam,0.001,30000,42,50,none,multiseed_20260427,2814.778,46.913,425.3,450.0,93.83,20983,0.018894,0.011724,0.014817,0.048982,21100,OK,cuda,NVIDIA H100 80GB HBM3 MIG 2g.20gb,2.9.0
2026-04-27T16:42:16.184273,elasticity,autodiff,mlp,adam,0.001,30000,42,30,none,multiseed_20260427,356.656,5.9443,174.3,180.0,11.89,21122,0.028064,0.020466,0.019203,0.001753,30000,OK,cuda,NVIDIA H100 80GB HBM3 MIG 2g.20gb,2.9.0
2026-04-27T16:42:20.533220,elasticity,autodiff,mlp,adam,0.001,30000,7,30,none,multiseed_20260427,368.386,6.1398,174.3,180.0,12.28,21122,0.035918,0.026873,0.023832,0.005192,29900,OK,cuda,NVIDIA H100 80GB HBM3 MIG 2g.20gb,2.9.0
2026-04-27T16:42:28.297839,elasticity,autodiff,mlp,adam,0.001,30000,23,30,none,multiseed_20260427,375.85,6.2642,174.3,180.0,12.53,21122,0.029765,0.022825,0.019105,0.002072,30000,OK,cuda,NVIDIA H100 80GB HBM3 MIG 2g.20gb,2.9.0
2026-04-27T16:43:23.021184,elasticity,dtpinn,mlp,lbfgs,0.04,5000,23,30,none,multiseed_20260427,232.961,3.8827,330.4,352.0,46.59,21122,0.008923,0.006675,0.005921,0.000184,5000,OK,cuda,NVIDIA H100 80GB HBM3 MIG 2g.20gb,2.9.0
2026-04-27T16:45:19.280246,elasticity,dtpinn,mlp,lbfgs,0.04,5000,7,30,none,multiseed_20260427,349.216,5.8203,330.4,352.0,69.84,21122,0.010414,0.007762,0.006943,0.000184,1800,OK,cuda,NVIDIA H100 80GB HBM3 MIG 2g.20gb,2.9.0
2026-04-27T16:47:52.295115,elasticity,dtpinn,mlp,lbfgs,0.04,5000,1,30,none,multiseed_20260427,505.102,8.4184,330.4,352.0,101.02,21122,0.009401,0.005188,0.007839,0.000146,5000,OK,cuda,NVIDIA H100 80GB HBM3 MIG 2g.20gb,2.9.0
2026-04-27T16:48:59.066234,elasticity,dtpinn,pirate-net,lbfgs,0.04,5000,0,30,none,multiseed_20260427,369.489,6.1581,552.1,700.0,73.9,20944,0.02443,0.015737,0.018686,0.001024,1000,OK,cuda,NVIDIA H100 80GB HBM3 MIG 2g.20gb,2.9.0
2026-04-27T16:49:13.975736,elasticity,autodiff,tsa-pinn,adam,0.001,30000,42,30,none,multiseed_20260427,782.792,13.0465,330.3,344.0,26.09,21506,0.058776,0.044711,0.038152,0.063057,30000,OK,cuda,NVIDIA H100 80GB HBM3 MIG 2g.20gb,2.9.0
2026-04-27T16:49:16.832000,elasticity,autodiff,tsa-pinn,adam,0.001,30000,7,30,none,multiseed_20260427,785.655,13.0943,330.3,344.0,26.19,21506,0.061195,0.047711,0.038321,0.065205,29900,OK,cuda,NVIDIA H100 80GB HBM3 MIG 2g.20gb,2.9.0
2026-04-27T16:49:17.078998,elasticity,dtpinn,mlp,lbfgs,0.04,5000,42,30,none,multiseed_20260427,586.964,9.7827,330.4,352.0,117.39,21122,0.007634,0.005316,0.005479,0.000132,5000,OK,cuda,NVIDIA H100 80GB HBM3 MIG 2g.20gb,2.9.0
2026-04-27T16:49:17.170509,elasticity,autodiff,tsa-pinn,adam,0.001,30000,1,30,none,multiseed_20260427,782.904,13.0484,330.3,344.0,26.1,21506,0.052404,0.040426,0.033345,0.061177,30000,OK,cuda,NVIDIA H100 80GB HBM3 MIG 2g.20gb,2.9.0
2026-04-27T16:49:22.050505,elasticity,dtpinn,pirate-net,lbfgs,0.04,5000,1,30,none,multiseed_20260427,196.226,3.2704,552.1,702.0,39.25,20944,0.004771,0.003687,0.003027,4.3e-05,5000,OK,cuda,NVIDIA H100 80GB HBM3 MIG 2g.20gb,2.9.0
2026-04-27T16:49:28.464549,elasticity,autodiff,tsa-pinn,adam,0.001,30000,23,30,none,multiseed_20260427,797.202,13.2867,330.3,344.0,26.57,21506,0.066291,0.049947,0.043586,0.063569,30000,OK,cuda,NVIDIA H100 80GB HBM3 MIG 2g.20gb,2.9.0
2026-04-27T16:49:33.610239,elasticity,autodiff,tsa-pinn,adam,0.001,30000,0,30,none,multiseed_20260427,800.976,13.3496,330.3,344.0,26.7,21506,0.079961,0.058438,0.054578,0.067252,30000,OK,cuda,NVIDIA H100 80GB HBM3 MIG 2g.20gb,2.9.0
2026-04-27T16:50:00.221844,elasticity,dtpinn,pirate-net,lbfgs,0.04,5000,7,30,none,multiseed_20260427,233.258,3.8876,552.1,702.0,46.65,20944,0.004882,0.003476,0.003429,5e-05,700,OK,cuda,NVIDIA H100 80GB HBM3 MIG 2g.20gb,2.9.0
2026-04-27T16:50:06.588730,elasticity,sage,mlp,adam,0.001,30000,42,30,none,multiseed_20260427,45.522,0.7587,205.3,222.0,1.52,21122,0.030863,0.022877,0.020717,0.002515,30000,OK,cuda,NVIDIA H100 80GB HBM3 MIG 2g.20gb,2.9.0
2026-04-27T16:50:06.893500,elasticity,sage,mlp,adam,0.001,30000,0,30,none,multiseed_20260427,45.664,0.7611,205.3,220.0,1.52,21122,0.031732,0.024117,0.020624,0.003029,29200,OK,cuda,NVIDIA H100 80GB HBM3 MIG 2g.20gb,2.9.0
2026-04-27T16:50:07.001629,elasticity,sage,mlp,adam,0.001,30000,1,30,none,multiseed_20260427,45.773,0.7629,205.3,222.0,1.53,21122,0.030065,0.021901,0.020597,0.003432,29900,OK,cuda,NVIDIA H100 80GB HBM3 MIG 2g.20gb,2.9.0
2026-04-27T16:50:12.006976,elasticity,sage,mlp,adam,0.001,30000,7,30,none,multiseed_20260427,46.202,0.77,205.3,222.0,1.54,21122,0.033757,0.024963,0.022723,0.004671,30000,OK,cuda,NVIDIA H100 80GB HBM3 MIG 2g.20gb,2.9.0
2026-04-27T16:50:12.406879,elasticity,sage,mlp,adam,0.001,30000,23,30,none,multiseed_20260427,46.597,0.7766,205.3,222.0,1.55,21122,0.031703,0.024847,0.019689,0.002438,29700,OK,cuda,NVIDIA H100 80GB HBM3 MIG 2g.20gb,2.9.0
2026-04-27T16:51:11.068370,elasticity,sage,tsa-pinn,adam,0.001,30000,0,30,none,multiseed_20260427,105.256,1.7543,361.2,386.0,3.51,21506,0.093593,0.065129,0.067215,0.072665,30000,OK,cuda,NVIDIA H100 80GB HBM3 MIG 2g.20gb,2.9.0
2026-04-27T16:51:31.586542,kovasznay,ropinn,pirate-net,adam,0.001,30000,1,30,none,multiseed_20260427,1714.397,28.5733,306.7,322.0,57.15,20983,0.030248,0.007942,0.029187,1.5e-05,29900,OK,cuda,NVIDIA H100 80GB HBM3 MIG 2g.20gb,2.9.0
2026-04-27T16:52:26.191446,elasticity,dtpinn,pirate-net,lbfgs,0.04,5000,23,30,none,multiseed_20260427,379.265,6.3211,552.1,700.0,75.85,20944,0.00963,0.006759,0.006859,0.000159,5000,OK,cuda,NVIDIA H100 80GB HBM3 MIG 2g.20gb,2.9.0
2026-04-27T16:52:31.730865,elasticity,dtpinn,pirate-net,lbfgs,0.04,5000,42,30,none,multiseed_20260427,190.388,3.1731,552.1,700.0,38.08,20944,0.004303,0.003612,0.002339,3.6e-05,5000,OK,cuda,NVIDIA H100 80GB HBM3 MIG 2g.20gb,2.9.0
2026-04-27T16:53:26.684633,kovasznay,ropinn,pirate-net,adam,0.001,30000,0,30,none,multiseed_20260427,1829.294,30.4882,306.7,322.0,60.98,20983,0.010548,0.004941,0.009319,3.1e-05,9300,OK,cuda,NVIDIA H100 80GB HBM3 MIG 2g.20gb,2.9.0
2026-04-27T16:53:42.611899,kovasznay,ropinn,pirate-net,adam,0.001,30000,23,30,none,multiseed_20260427,1648.171,27.4695,306.7,322.0,54.94,20983,0.01911,0.005374,0.018339,3.8e-05,29600,OK,cuda,NVIDIA H100 80GB HBM3 MIG 2g.20gb,2.9.0
2026-04-27T16:53:52.788804,kovasznay,ropinn,pirate-net,adam,0.001,30000,42,30,none,multiseed_20260427,1658.352,27.6392,306.7,322.0,55.28,20983,0.02368,0.009027,0.021892,1.5e-05,3700,OK,cuda,NVIDIA H100 80GB HBM3 MIG 2g.20gb,2.9.0
2026-04-27T16:53:53.468058,kovasznay,ropinn,pirate-net,adam,0.001,30000,7,30,none,multiseed_20260427,1659.624,27.6604,306.7,322.0,55.32,20983,0.02635,0.010197,0.024297,7.1e-05,29600,OK,cuda,NVIDIA H100 80GB HBM3 MIG 2g.20gb,2.9.0
2026-04-27T16:54:12.956946,elasticity,sage,tsa-pinn,adam,0.001,30000,42,30,none,multiseed_20260427,91.77,1.5295,361.2,386.0,3.06,21506,0.043514,0.031591,0.029925,0.062282,29600,OK,cuda,NVIDIA H100 80GB HBM3 MIG 2g.20gb,2.9.0
2026-04-27T16:54:13.375439,elasticity,sage,tsa-pinn,adam,0.001,30000,1,30,none,multiseed_20260427,92.394,1.5399,361.2,384.0,3.08,21506,0.055812,0.04328,0.035239,0.06318,30000,OK,cuda,NVIDIA H100 80GB HBM3 MIG 2g.20gb,2.9.0
2026-04-27T16:54:13.590368,elasticity,sage,tsa-pinn,adam,0.001,30000,23,30,none,multiseed_20260427,92.09,1.5348,361.2,386.0,3.07,21506,0.078365,0.062793,0.046885,0.066893,29900,OK,cuda,NVIDIA H100 80GB HBM3 MIG 2g.20gb,2.9.0
2026-04-27T16:54:13.839008,elasticity,sage,tsa-pinn,adam,0.001,30000,7,30,none,multiseed_20260427,92.338,1.539,361.2,386.0,3.08,21506,0.060749,0.04551,0.040241,0.065271,29900,OK,cuda,NVIDIA H100 80GB HBM3 MIG 2g.20gb,2.9.0
2026-04-27T16:54:36.999260,elasticity,sage,pirate-net,adam,0.001,30000,42,30,none,multiseed_20260427,115.649,1.9275,321.7,346.0,3.85,20944,0.023135,0.016541,0.016175,0.001574,30000,OK,cuda,NVIDIA H100 80GB HBM3 MIG 2g.20gb,2.9.0
2026-04-27T16:54:40.652701,elasticity,sage,pirate-net,adam,0.001,30000,7,30,none,multiseed_20260427,117.228,1.9538,321.7,346.0,3.91,20944,0.019097,0.014667,0.012229,0.001217,29400,OK,cuda,NVIDIA H100 80GB HBM3 MIG 2g.20gb,2.9.0
2026-04-27T16:54:41.616614,elasticity,sage,pirate-net,adam,0.001,30000,1,30,none,multiseed_20260427,120.407,2.0068,321.7,346.0,4.01,20944,0.022832,0.017073,0.015159,0.001781,29800,OK,cuda,NVIDIA H100 80GB HBM3 MIG 2g.20gb,2.9.0
2026-04-27T16:54:41.812081,elasticity,sage,pirate-net,adam,0.001,30000,23,30,none,multiseed_20260427,117.807,1.9635,321.7,346.0,3.93,20944,0.020445,0.015225,0.013645,0.001501,29600,OK,cuda,NVIDIA H100 80GB HBM3 MIG 2g.20gb,2.9.0
2026-04-27T16:55:00.460161,elasticity,sage,pirate-net,adam,0.001,30000,0,30,none,multiseed_20260427,135.865,2.2644,321.7,346.0,4.53,20944,0.020315,0.014836,0.013878,0.001256,29800,OK,cuda,NVIDIA H100 80GB HBM3 MIG 2g.20gb,2.9.0
2026-04-27T16:56:22.528866,elasticity,dtpinn,mlp,lbfgs,0.04,5000,0,30,none,multiseed_20260427,1015.058,16.9176,330.4,352.0,203.01,21122,0.156663,0.09919,0.121264,0.068927,5000,OK,cuda,NVIDIA H100 80GB HBM3 MIG 2g.20gb,2.9.0
2026-04-27T16:56:54.993740,cavity,sk-pinn,mlp,adam,0.001,30000,1,200,none,multiseed_20260427,3821.075,63.6846,277.6,432.0,127.37,21187,0.024629,0.009869,0.022565,0.006836,4400,OK,cuda,NVIDIA H100 80GB HBM3 MIG 2g.20gb,2.9.0
2026-04-27T16:57:05.602805,cavity,sk-pinn,mlp,adam,0.001,30000,0,200,none,multiseed_20260427,3824.929,63.7488,277.6,432.0,127.5,21187,0.027255,0.015481,0.022431,0.006502,5000,OK,cuda,NVIDIA H100 80GB HBM3 MIG 2g.20gb,2.9.0
2026-04-27T16:58:33.121932,cavity,sk-pinn,mlp,adam,0.001,30000,7,200,none,multiseed_20260427,3720.854,62.0142,277.6,432.0,124.03,21187,0.026559,0.012834,0.023252,0.006266,8200,OK,cuda,NVIDIA H100 80GB HBM3 MIG 2g.20gb,2.9.0
2026-04-27T16:59:02.127499,cavity,sk-pinn,mlp,adam,0.001,30000,42,200,none,multiseed_20260427,3749.765,62.4961,277.6,432.0,124.99,21187,0.024266,0.010912,0.021674,0.005887,6000,OK,cuda,NVIDIA H100 80GB HBM3 MIG 2g.20gb,2.9.0
2026-04-27T16:59:11.052484,elasticity,ropinn,mlp,adam,0.001,30000,0,30,none,multiseed_20260427,390.011,6.5002,174.3,180.0,13.0,21122,0.030174,0.022562,0.020036,0.002389,30000,OK,cuda,NVIDIA H100 80GB HBM3 MIG 2g.20gb,2.9.0
2026-04-27T16:59:17.736309,elasticity,dtpinn,tsa-pinn,lbfgs,0.04,5000,1,30,none,multiseed_20260427,1190.477,19.8413,658.9,680.0,238.1,21506,0.017896,0.01332,0.011952,0.025655,4700,OK,cuda,NVIDIA H100 80GB HBM3 MIG 2g.20gb,2.9.0
2026-04-27T16:59:27.936785,cavity,sk-pinn,mlp,adam,0.001,30000,23,200,none,multiseed_20260427,3775.748,62.9291,277.6,432.0,125.86,21187,0.025817,0.021825,0.01379,0.005797,100,OK,cuda,NVIDIA H100 80GB HBM3 MIG 2g.20gb,2.9.0
2026-04-27T16:59:36.600336,elasticity,dtpinn,tsa-pinn,lbfgs,0.04,5000,0,30,none,multiseed_20260427,1209.325,20.1554,658.9,680.0,241.87,21506,0.016662,0.012879,0.010571,0.024276,4600,OK,cuda,NVIDIA H100 80GB HBM3 MIG 2g.20gb,2.9.0
2026-04-27T17:00:49.485893,kovasznay,sk-pinn,mlp,adam,0.001,30000,42,150,none,multiseed_20260427,2073.453,34.5576,197.2,270.0,69.12,21187,0.015043,0.006036,0.013779,0.001885,29400,OK,cuda,NVIDIA H100 80GB HBM3 MIG 2g.20gb,2.9.0
2026-04-27T17:01:37.942453,elasticity,autodiff,pirate-net,adam,0.001,30000,1,30,none,multiseed_20260427,1526.248,25.4375,290.7,304.0,50.87,20944,0.021494,0.015607,0.014779,0.001417,30000,OK,cuda,NVIDIA H100 80GB HBM3 MIG 2g.20gb,2.9.0
2026-04-27T17:01:40.542833,kovasznay,sk-pinn,mlp,adam,0.001,30000,23,150,none,multiseed_20260427,2125.367,35.4228,197.2,272.0,70.85,21187,0.017885,0.00616,0.01679,0.002252,27300,OK,cuda,NVIDIA H100 80GB HBM3 MIG 2g.20gb,2.9.0
2026-04-27T17:01:49.559824,elasticity,autodiff,pirate-net,adam,0.001,30000,0,30,none,multiseed_20260427,1538.073,25.6345,290.7,304.0,51.27,20944,0.016544,0.012666,0.010644,0.000698,30000,OK,cuda,NVIDIA H100 80GB HBM3 MIG 2g.20gb,2.9.0
2026-04-27T17:02:08.743608,elasticity,ropinn,mlp,adam,0.001,30000,42,30,none,multiseed_20260427,370.937,6.1823,174.3,180.0,12.36,21122,0.027724,0.019711,0.019496,0.001706,29700,OK,cuda,NVIDIA H100 80GB HBM3 MIG 2g.20gb,2.9.0
2026-04-27T17:02:09.098868,elasticity,ropinn,mlp,adam,0.001,30000,1,30,none,multiseed_20260427,373.206,6.2201,174.3,180.0,12.44,21122,0.02915,0.020573,0.020651,0.003051,30000,OK,cuda,NVIDIA H100 80GB HBM3 MIG 2g.20gb,2.9.0
2026-04-27T17:02:10.140346,elasticity,ropinn,mlp,adam,0.001,30000,23,30,none,multiseed_20260427,372.339,6.2056,174.3,180.0,12.41,21122,0.029382,0.022198,0.019249,0.001887,30000,OK,cuda,NVIDIA H100 80GB HBM3 MIG 2g.20gb,2.9.0
2026-04-27T17:02:10.429118,elasticity,ropinn,mlp,adam,0.001,30000,7,30,none,multiseed_20260427,374.362,6.2394,174.3,180.0,12.48,21122,0.035106,0.02702,0.022414,0.004385,30000,OK,cuda,NVIDIA H100 80GB HBM3 MIG 2g.20gb,2.9.0
2026-04-27T17:02:29.667331,kovasznay,sk-pinn,tsa-pinn,adam,0.001,30000,0,150,none,multiseed_20260427,2173.61,36.2268,368.4,572.0,72.45,21571,0.038549,0.023065,0.030888,0.09043,29500,OK,cuda,NVIDIA H100 80GB HBM3 MIG 2g.20gb,2.9.0
2026-04-27T17:02:32.147504,kovasznay,sk-pinn,tsa-pinn,adam,0.001,30000,1,150,none,multiseed_20260427,2176.09,36.2682,368.4,570.0,72.54,21571,0.033337,0.013846,0.030326,0.091192,25200,OK,cuda,NVIDIA H100 80GB HBM3 MIG 2g.20gb,2.9.0
2026-04-27T17:02:35.177763,cavity,sk-pinn,tsa-pinn,adam,0.001,30000,7,200,none,multiseed_20260427,3962.545,66.0424,509.8,834.0,132.08,21571,0.031549,0.015825,0.027293,0.104301,2800,OK,cuda,NVIDIA H100 80GB HBM3 MIG 2g.20gb,2.9.0
2026-04-27T17:02:36.620897,cavity,sk-pinn,tsa-pinn,adam,0.001,30000,0,200,none,multiseed_20260427,3964.244,66.0707,509.8,834.0,132.14,21571,0.028843,0.022089,0.018547,0.102509,100,OK,cuda,NVIDIA H100 80GB HBM3 MIG 2g.20gb,2.9.0
2026-04-27T17:02:37.094920,kovasznay,sk-pinn,mlp,adam,0.001,30000,0,150,none,multiseed_20260427,2172.693,36.2116,197.2,270.0,72.42,21187,0.014513,0.005425,0.01346,0.000184,27200,OK,cuda,NVIDIA H100 80GB HBM3 MIG 2g.20gb,2.9.0
2026-04-27T17:03:27.228787,elasticity,dtpinn,tsa-pinn,lbfgs,0.04,5000,7,30,none,multiseed_20260427,1239.772,20.6629,658.9,680.0,247.95,21506,0.020673,0.016448,0.012524,0.025816,4400,OK,cuda,NVIDIA H100 80GB HBM3 MIG 2g.20gb,2.9.0
2026-04-27T17:03:30.013265,elasticity,dtpinn,tsa-pinn,lbfgs,0.04,5000,42,30,none,multiseed_20260427,1242.968,20.7161,658.9,680.0,248.59,21506,0.015382,0.011818,0.009846,0.025717,4100,OK,cuda,NVIDIA H100 80GB HBM3 MIG 2g.20gb,2.9.0
2026-04-27T17:03:46.000293,cavity,sk-pinn,tsa-pinn,adam,0.001,30000,23,200,none,multiseed_20260427,4033.811,67.2302,509.8,834.0,134.46,21571,0.021412,0.011161,0.018273,0.103399,200,OK,cuda,NVIDIA H100 80GB HBM3 MIG 2g.20gb,2.9.0
2026-04-27T17:04:03.065137,elasticity,autodiff,pirate-net,adam,0.001,30000,42,30,none,multiseed_20260427,1476.034,24.6006,290.7,304.0,49.2,20944,0.020895,0.015063,0.014482,0.000979,30000,OK,cuda,NVIDIA H100 80GB HBM3 MIG 2g.20gb,2.9.0
2026-04-27T17:04:03.907213,elasticity,autodiff,pirate-net,adam,0.001,30000,23,30,none,multiseed_20260427,1477.481,24.6247,290.7,304.0,49.25,20944,0.018103,0.013012,0.012586,0.000797,30000,OK,cuda,NVIDIA H100 80GB HBM3 MIG 2g.20gb,2.9.0
2026-04-27T17:04:07.057576,cavity,sk-pinn,tsa-pinn,adam,0.001,30000,1,200,none,multiseed_20260427,4054.424,67.5737,509.8,834.0,135.15,21571,0.021164,0.010988,0.018087,0.102613,200,OK,cuda,NVIDIA H100 80GB HBM3 MIG 2g.20gb,2.9.0
2026-04-27T17:04:09.623275,elasticity,dtpinn,tsa-pinn,lbfgs,0.04,5000,23,30,none,multiseed_20260427,1282.535,21.3756,658.9,680.0,256.51,21506,0.023142,0.018009,0.014534,0.032186,4500,OK,cuda,NVIDIA H100 80GB HBM3 MIG 2g.20gb,2.9.0
2026-04-27T17:04:51.923216,elasticity,autodiff,pirate-net,adam,0.001,30000,7,30,none,multiseed_20260427,1525.285,25.4214,290.7,304.0,50.84,20944,0.017085,0.011996,0.012164,0.000588,30000,OK,cuda,NVIDIA H100 80GB HBM3 MIG 2g.20gb,2.9.0
2026-04-27T17:05:27.840818,kovasznay,sk-pinn,mlp,adam,0.001,30000,7,150,none,multiseed_20260427,2344.37,39.0728,197.2,270.0,78.15,21187,0.017292,0.006076,0.016189,0.00037,28400,OK,cuda,NVIDIA H100 80GB HBM3 MIG 2g.20gb,2.9.0
2026-04-27T17:05:35.176998,kovasznay,sk-pinn,tsa-pinn,adam,0.001,30000,42,150,none,multiseed_20260427,2161.273,36.0212,368.4,572.0,72.04,21571,0.030535,0.01375,0.027263,0.091721,23300,OK,cuda,NVIDIA H100 80GB HBM3 MIG 2g.20gb,2.9.0
2026-04-27T17:05:55.397109,kovasznay,sk-pinn,tsa-pinn,adam,0.001,30000,7,150,none,multiseed_20260427,2181.849,36.3641,368.4,572.0,72.73,21571,0.039813,0.014369,0.037129,0.092767,29400,OK,cuda,NVIDIA H100 80GB HBM3 MIG 2g.20gb,2.9.0
2026-04-27T17:06:04.447274,kovasznay,sk-pinn,tsa-pinn,adam,0.001,30000,23,150,none,multiseed_20260427,2191.137,36.519,368.4,572.0,73.04,21571,0.033767,0.01306,0.031139,0.091996,18400,OK,cuda,NVIDIA H100 80GB HBM3 MIG 2g.20gb,2.9.0
2026-04-27T17:06:12.742736,cavity,sk-pinn,tsa-pinn,adam,0.001,30000,42,200,none,multiseed_20260427,3981.946,66.3658,509.8,834.0,132.73,21571,0.032991,0.015301,0.029228,0.103591,5400,OK,cuda,NVIDIA H100 80GB HBM3 MIG 2g.20gb,2.9.0
2026-04-27T17:06:55.190760,kovasznay,sk-pinn,mlp,adam,0.001,30000,1,150,none,multiseed_20260427,2431.718,40.5286,197.2,270.0,81.06,21187,0.014967,0.00633,0.013562,0.000147,29200,OK,cuda,NVIDIA H100 80GB HBM3 MIG 2g.20gb,2.9.0
2026-04-27T17:07:13.106276,cavity,sk-pinn,pirate-net,adam,0.001,30000,23,200,none,multiseed_20260427,4041.482,67.358,461.6,794.0,134.72,20983,0.030685,0.011733,0.028353,0.010539,7000,OK,cuda,NVIDIA H100 80GB HBM3 MIG 2g.20gb,2.9.0
2026-04-27T17:07:22.793783,kovasznay,sk-pinn,pirate-net,adam,0.001,30000,0,150,none,multiseed_20260427,2268.872,37.8145,321.8,484.0,75.63,20983,0.02348,0.01194,0.020218,0.003564,29600,OK,cuda,NVIDIA H100 80GB HBM3 MIG 2g.20gb,2.9.0
2026-04-27T17:07:56.491557,kovasznay,sk-pinn,pirate-net,adam,0.001,30000,1,150,none,multiseed_20260427,2298.725,38.3121,321.8,484.0,76.62,20983,0.026523,0.012916,0.023165,0.000816,29600,OK,cuda,NVIDIA H100 80GB HBM3 MIG 2g.20gb,2.9.0
2026-04-27T17:08:02.110937,cavity,sk-pinn,pirate-net,adam,0.001,30000,42,200,none,multiseed_20260427,4090.486,68.1748,461.6,794.0,136.35,20983,0.031168,0.013811,0.027941,0.00909,16600,OK,cuda,NVIDIA H100 80GB HBM3 MIG 2g.20gb,2.9.0
2026-04-27T17:08:04.271639,cavity,sk-pinn,pirate-net,adam,0.001,30000,0,200,none,multiseed_20260427,4092.692,68.2115,461.6,794.0,136.42,20983,0.032868,0.017669,0.027714,0.008693,29300,OK,cuda,NVIDIA H100 80GB HBM3 MIG 2g.20gb,2.9.0
2026-04-27T17:08:47.635451,cavity,sk-pinn,pirate-net,adam,0.001,30000,7,200,none,multiseed_20260427,4128.824,68.8137,461.6,794.0,137.63,20983,0.027594,0.011485,0.02509,0.009113,15300,OK,cuda,NVIDIA H100 80GB HBM3 MIG 2g.20gb,2.9.0
2026-04-27T17:08:50.880324,cavity,sk-pinn,pirate-net,adam,0.001,30000,1,200,none,multiseed_20260427,4132.066,68.8678,461.6,780.0,137.74,20983,0.031271,0.015699,0.027044,0.008672,8600,OK,cuda,NVIDIA H100 80GB HBM3 MIG 2g.20gb,2.9.0
2026-04-27T17:09:38.919444,elasticity,ropinn,tsa-pinn,adam,0.001,30000,42,30,none,multiseed_20260427,821.863,13.6977,330.3,344.0,27.4,21506,0.055306,0.042678,0.035176,0.062314,30000,OK,cuda,NVIDIA H100 80GB HBM3 MIG 2g.20gb,2.9.0
2026-04-27T17:09:49.772335,elasticity,ropinn,tsa-pinn,adam,0.001,30000,1,30,none,multiseed_20260427,833.399,13.89,330.3,344.0,27.78,21506,0.053841,0.04219,0.033449,0.061926,29900,OK,cuda,NVIDIA H100 80GB HBM3 MIG 2g.20gb,2.9.0
2026-04-27T17:10:00.473961,elasticity,ropinn,tsa-pinn,adam,0.001,30000,23,30,none,multiseed_20260427,843.868,14.0645,330.3,344.0,28.13,21506,0.066077,0.053938,0.038169,0.063561,30000,OK,cuda,NVIDIA H100 80GB HBM3 MIG 2g.20gb,2.9.0
2026-04-27T17:10:47.882137,kovasznay,sk-pinn,pirate-net,adam,0.001,30000,42,150,none,multiseed_20260427,2273.671,37.8945,321.8,484.0,75.79,20983,0.02261,0.009922,0.020316,0.000479,29100,OK,cuda,NVIDIA H100 80GB HBM3 MIG 2g.20gb,2.9.0
2026-04-27T17:10:48.456172,elasticity,ropinn,tsa-pinn,adam,0.001,30000,7,30,none,multiseed_20260427,891.618,14.8603,330.3,344.0,29.72,21506,0.056805,0.044441,0.03538,0.064196,29900,OK,cuda,NVIDIA H100 80GB HBM3 MIG 2g.20gb,2.9.0
2026-04-27T17:11:00.578319,kovasznay,sk-pinn,pirate-net,adam,0.001,30000,7,150,none,multiseed_20260427,2285.891,38.0982,321.8,484.0,76.2,20983,0.02836,0.010657,0.026281,0.000648,26800,OK,cuda,NVIDIA H100 80GB HBM3 MIG 2g.20gb,2.9.0
2026-04-27T17:11:24.566825,kovasznay,sk-pinn,pirate-net,adam,0.001,30000,23,150,none,multiseed_20260427,2310.357,38.5059,321.8,484.0,77.01,20983,0.027943,0.014408,0.023943,0.000703,28800,OK,cuda,NVIDIA H100 80GB HBM3 MIG 2g.20gb,2.9.0
2026-04-27T17:11:34.142694,elasticity,sk-pinn,mlp,adam,0.001,30000,42,100,none,multiseed_20260427,739.346,12.3224,182.5,222.0,24.64,21122,0.122948,0.102853,0.067359,0.001561,23600,OK,cuda,NVIDIA H100 80GB HBM3 MIG 2g.20gb,2.9.0
2026-04-27T17:11:37.424109,elasticity,ropinn,tsa-pinn,adam,0.001,30000,0,30,none,multiseed_20260427,936.574,15.6096,330.3,344.0,31.22,21506,0.07183,0.046708,0.054571,0.066393,29900,OK,cuda,NVIDIA H100 80GB HBM3 MIG 2g.20gb,2.9.0
2026-04-27T17:12:09.290102,elasticity,sk-pinn,mlp,adam,0.001,30000,23,100,none,multiseed_20260427,773.224,12.8871,182.5,222.0,25.77,21122,0.114892,0.098985,0.058329,0.002208,23900,OK,cuda,NVIDIA H100 80GB HBM3 MIG 2g.20gb,2.9.0
2026-04-27T17:12:12.414357,elasticity,sk-pinn,mlp,adam,0.001,30000,0,100,none,multiseed_20260427,772.999,12.8833,182.5,222.0,25.77,21122,0.120722,0.107899,0.054144,0.001606,23300,OK,cuda,NVIDIA H100 80GB HBM3 MIG 2g.20gb,2.9.0
2026-04-27T17:12:16.480900,elasticity,sk-pinn,mlp,adam,0.001,30000,1,100,none,multiseed_20260427,777.066,12.9511,182.5,222.0,25.9,21122,0.111156,0.092546,0.06157,0.00308,22400,OK,cuda,NVIDIA H100 80GB HBM3 MIG 2g.20gb,2.9.0
2026-04-27T17:12:50.021423,elasticity,sk-pinn,mlp,adam,0.001,30000,7,100,none,multiseed_20260427,810.607,13.5101,182.5,222.0,27.02,21122,0.126939,0.102073,0.075462,0.003065,21900,OK,cuda,NVIDIA H100 80GB HBM3 MIG 2g.20gb,2.9.0
2026-04-27T17:16:12.311161,elasticity,sk-pinn,tsa-pinn,adam,0.001,30000,1,100,none,multiseed_20260427,819.135,13.6523,338.4,426.0,27.3,21506,0.189928,0.172064,0.080416,0.072468,29900,OK,cuda,NVIDIA H100 80GB HBM3 MIG 2g.20gb,2.9.0
2026-04-27T17:16:14.342874,elasticity,sk-pinn,tsa-pinn,adam,0.001,30000,42,100,none,multiseed_20260427,819.669,13.6611,338.4,426.0,27.32,21506,0.166399,0.143581,0.084102,0.066104,29900,OK,cuda,NVIDIA H100 80GB HBM3 MIG 2g.20gb,2.9.0
2026-04-27T17:16:15.362346,elasticity,sk-pinn,tsa-pinn,adam,0.001,30000,7,100,none,multiseed_20260427,818.859,13.6477,338.4,426.0,27.3,21506,0.156452,0.137052,0.075459,0.064103,30000,OK,cuda,NVIDIA H100 80GB HBM3 MIG 2g.20gb,2.9.0
2026-04-27T17:16:15.659432,elasticity,sk-pinn,tsa-pinn,adam,0.001,30000,23,100,none,multiseed_20260427,820.99,13.6832,338.4,426.0,27.37,21506,0.168635,0.150786,0.075507,0.065459,29900,OK,cuda,NVIDIA H100 80GB HBM3 MIG 2g.20gb,2.9.0
2026-04-27T17:16:47.618448,elasticity,sk-pinn,tsa-pinn,adam,0.001,30000,0,100,none,multiseed_20260427,850.637,14.1773,338.4,426.0,28.35,21506,0.158387,0.144547,0.06475,0.064586,29900,OK,cuda,NVIDIA H100 80GB HBM3 MIG 2g.20gb,2.9.0
2026-04-27T17:17:09.170882,elasticity,sk-pinn,pirate-net,adam,0.001,30000,42,100,none,multiseed_20260427,876.342,14.6057,298.9,388.0,29.21,20944,0.126656,0.113209,0.056794,0.001625,20400,OK,cuda,NVIDIA H100 80GB HBM3 MIG 2g.20gb,2.9.0
2026-04-27T17:17:22.392897,elasticity,sk-pinn,pirate-net,adam,0.001,30000,1,100,none,multiseed_20260427,885.734,14.7622,298.9,388.0,29.52,20944,0.129219,0.112025,0.064404,0.002729,12200,OK,cuda,NVIDIA H100 80GB HBM3 MIG 2g.20gb,2.9.0
2026-04-27T17:17:41.347554,elasticity,sk-pinn,pirate-net,adam,0.001,30000,23,100,none,multiseed_20260427,903.287,15.0548,298.9,388.0,30.11,20944,0.136153,0.116819,0.069934,0.001831,22400,OK,cuda,NVIDIA H100 80GB HBM3 MIG 2g.20gb,2.9.0
2026-04-27T17:17:44.696114,elasticity,sk-pinn,pirate-net,adam,0.001,30000,0,100,none,multiseed_20260427,910.789,15.1798,298.9,388.0,30.36,20944,0.131096,0.109941,0.07141,0.002061,14000,OK,cuda,NVIDIA H100 80GB HBM3 MIG 2g.20gb,2.9.0
2026-04-27T17:17:48.985176,elasticity,sk-pinn,pirate-net,adam,0.001,30000,7,100,none,multiseed_20260427,910.923,15.182,298.9,388.0,30.36,20944,0.123762,0.108964,0.058685,0.001667,22900,OK,cuda,NVIDIA H100 80GB HBM3 MIG 2g.20gb,2.9.0
2026-04-27T17:21:26.119396,elasticity,ropinn,pirate-net,adam,0.001,30000,0,30,none,multiseed_20260427,1529.607,25.4935,290.7,304.0,50.99,20944,0.016777,0.012903,0.010723,0.000707,30000,OK,cuda,NVIDIA H100 80GB HBM3 MIG 2g.20gb,2.9.0
2026-04-27T17:24:18.928880,elasticity,ropinn,pirate-net,adam,0.001,30000,1,30,none,multiseed_20260427,1504.643,25.0774,290.7,304.0,50.15,20944,0.021409,0.015673,0.014584,0.001428,30000,OK,cuda,NVIDIA H100 80GB HBM3 MIG 2g.20gb,2.9.0
2026-04-27T17:24:22.914802,elasticity,ropinn,pirate-net,adam,0.001,30000,7,30,none,multiseed_20260427,1505.821,25.097,290.7,304.0,50.19,20944,0.017103,0.012153,0.012034,0.000596,30000,OK,cuda,NVIDIA H100 80GB HBM3 MIG 2g.20gb,2.9.0
2026-04-27T17:24:27.832143,elasticity,ropinn,pirate-net,adam,0.001,30000,42,30,none,multiseed_20260427,1510.979,25.183,290.7,304.0,50.37,20944,0.020209,0.014625,0.013947,0.00095,30000,OK,cuda,NVIDIA H100 80GB HBM3 MIG 2g.20gb,2.9.0
2026-04-27T17:25:30.837315,elasticity,ropinn,pirate-net,adam,0.001,30000,23,30,none,multiseed_20260427,1575.798,26.2633,290.7,304.0,52.53,20944,0.018096,0.013011,0.012577,0.000789,30000,OK,cuda,NVIDIA H100 80GB HBM3 MIG 2g.20gb,2.9.0
2026-04-28T10:47:40.446311,cavity,chebyshev-pinn,mlp,adam,0.001,30000,42,50,none,canpinn_hpc_20260428,343.145,5.7191,385.5,396.0,11.44,21187,0.020031,0.010344,0.017153,0.023167,5100,OK,cuda,NVIDIA H100 80GB HBM3 MIG 2g.20gb,2.9.0
2026-04-28T10:47:48.534798,cavity,chebyshev-pinn,mlp,adam,0.001,30000,1,50,none,canpinn_hpc_20260428,351.235,5.8539,385.5,396.0,11.71,21187,0.019308,0.010273,0.016348,0.022326,4500,OK,cuda,NVIDIA H100 80GB HBM3 MIG 2g.20gb,2.9.0
2026-04-28T10:47:51.218408,cavity,chebyshev-pinn,mlp,adam,0.001,30000,23,50,none,canpinn_hpc_20260428,353.919,5.8987,385.5,396.0,11.8,21187,0.018937,0.016257,0.009712,0.020332,100,OK,cuda,NVIDIA H100 80GB HBM3 MIG 2g.20gb,2.9.0
2026-04-28T10:47:51.668672,cavity,chebyshev-pinn,mlp,adam,0.001,30000,7,50,none,canpinn_hpc_20260428,354.368,5.9061,385.5,396.0,11.81,21187,0.020546,0.008021,0.018915,0.019109,1200,OK,cuda,NVIDIA H100 80GB HBM3 MIG 2g.20gb,2.9.0
2026-04-28T10:47:53.971962,cavity,chebyshev-pinn,mlp,adam,0.001,30000,0,50,none,canpinn_hpc_20260428,356.672,5.9445,385.5,396.0,11.89,21187,0.017828,0.011877,0.013296,0.020134,8500,OK,cuda,NVIDIA H100 80GB HBM3 MIG 2g.20gb,2.9.0
2026-04-28T10:49:43.097403,cavity,chebyshev-pinn,tsa-pinn,adam,0.001,30000,7,50,none,canpinn_hpc_20260428,465.782,7.763,617.6,640.0,15.53,21571,0.01839,0.009486,0.015755,0.033248,100,OK,cuda,NVIDIA H100 80GB HBM3 MIG 2g.20gb,2.9.0
2026-04-28T10:49:47.217079,cavity,chebyshev-pinn,tsa-pinn,adam,0.001,30000,1,50,none,canpinn_hpc_20260428,469.902,7.8317,617.6,642.0,15.66,21571,0.020536,0.010338,0.017744,0.032212,200,OK,cuda,NVIDIA H100 80GB HBM3 MIG 2g.20gb,2.9.0
2026-04-28T10:49:49.871567,cavity,chebyshev-pinn,tsa-pinn,adam,0.001,30000,0,50,none,canpinn_hpc_20260428,472.552,7.8759,617.6,640.0,15.75,21571,0.019197,0.015479,0.011354,0.029917,200,OK,cuda,NVIDIA H100 80GB HBM3 MIG 2g.20gb,2.9.0
2026-04-28T10:50:09.067860,cavity,chebyshev-pinn,tsa-pinn,adam,0.001,30000,23,50,none,canpinn_hpc_20260428,491.749,8.1958,617.6,640.0,16.39,21571,0.022372,0.007379,0.02112,0.041144,6100,OK,cuda,NVIDIA H100 80GB HBM3 MIG 2g.20gb,2.9.0
2026-04-28T10:50:10.078511,cavity,chebyshev-pinn,tsa-pinn,adam,0.001,30000,42,50,none,canpinn_hpc_20260428,492.76,8.2127,617.6,640.0,16.43,21571,0.022753,0.007469,0.021492,0.038141,4700,OK,cuda,NVIDIA H100 80GB HBM3 MIG 2g.20gb,2.9.0
2026-04-28T10:50:42.873838,kovasznay,chebyshev-pinn,mlp,adam,0.001,30000,0,30,none,canpinn_hpc_20260428,175.635,2.9273,194.4,210.0,5.85,21187,0.006232,0.002696,0.005618,0.00035,26700,OK,cuda,NVIDIA H100 80GB HBM3 MIG 2g.20gb,2.9.0
2026-04-28T10:53:41.263091,kovasznay,chebyshev-pinn,mlp,adam,0.001,30000,1,30,none,canpinn_hpc_20260428,176.78,2.9463,194.4,210.0,5.89,21187,0.006118,0.002935,0.005369,0.000129,25100,OK,cuda,NVIDIA H100 80GB HBM3 MIG 2g.20gb,2.9.0
2026-04-28T10:53:43.956432,kovasznay,chebyshev-pinn,mlp,adam,0.001,30000,23,30,none,canpinn_hpc_20260428,179.473,2.9912,194.4,210.0,5.98,21187,0.005467,0.002338,0.004942,5.8e-05,21700,OK,cuda,NVIDIA H100 80GB HBM3 MIG 2g.20gb,2.9.0
2026-04-28T10:53:44.003037,kovasznay,chebyshev-pinn,mlp,adam,0.001,30000,42,30,none,canpinn_hpc_20260428,179.52,2.992,194.4,210.0,5.98,21187,0.007445,0.002691,0.006942,0.000833,20000,OK,cuda,NVIDIA H100 80GB HBM3 MIG 2g.20gb,2.9.0
2026-04-28T10:54:19.215196,cavity,chebyshev-pinn,pirate-net,adam,0.001,30000,0,50,none,canpinn_hpc_20260428,590.171,9.8362,569.4,594.0,19.67,20983,0.02224,0.009157,0.020267,0.046368,6500,OK,cuda,NVIDIA H100 80GB HBM3 MIG 2g.20gb,2.9.0
2026-04-28T10:54:19.670664,cavity,chebyshev-pinn,pirate-net,adam,0.001,30000,1,50,none,canpinn_hpc_20260428,590.622,9.8437,569.4,594.0,19.69,20983,0.020949,0.009065,0.018886,0.023494,21400,OK,cuda,NVIDIA H100 80GB HBM3 MIG 2g.20gb,2.9.0
2026-04-28T10:55:13.646886,kovasznay,chebyshev-pinn,tsa-pinn,adam,0.001,30000,42,30,none,canpinn_hpc_20260428,269.152,4.4859,365.6,390.0,8.97,21571,0.007094,0.003406,0.006223,0.000752,7900,OK,cuda,NVIDIA H100 80GB HBM3 MIG 2g.20gb,2.9.0
2026-04-28T10:55:16.653178,kovasznay,chebyshev-pinn,tsa-pinn,adam,0.001,30000,23,30,none,canpinn_hpc_20260428,272.157,4.5359,365.6,390.0,9.07,21571,0.008128,0.003566,0.007304,0.002839,8500,OK,cuda,NVIDIA H100 80GB HBM3 MIG 2g.20gb,2.9.0
2026-04-28T10:55:18.628384,kovasznay,chebyshev-pinn,tsa-pinn,adam,0.001,30000,7,30,none,canpinn_hpc_20260428,274.132,4.5689,365.6,390.0,9.14,21571,0.006741,0.002579,0.006228,0.001061,29500,OK,cuda,NVIDIA H100 80GB HBM3 MIG 2g.20gb,2.9.0
2026-04-28T10:55:21.017247,kovasznay,chebyshev-pinn,tsa-pinn,adam,0.001,30000,1,30,none,canpinn_hpc_20260428,276.522,4.6087,365.6,390.0,9.22,21571,0.008417,0.003782,0.007519,0.00056,4800,OK,cuda,NVIDIA H100 80GB HBM3 MIG 2g.20gb,2.9.0
2026-04-28T10:55:49.272026,kovasznay,chebyshev-pinn,tsa-pinn,adam,0.001,30000,0,30,none,canpinn_hpc_20260428,304.773,5.0796,365.6,390.0,10.16,21571,0.00612,0.002986,0.005342,0.00099,6700,OK,cuda,NVIDIA H100 80GB HBM3 MIG 2g.20gb,2.9.0
2026-04-28T10:56:10.875501,elasticity,chebyshev-pinn,mlp,adam,0.001,30000,0,30,none,canpinn_hpc_20260428,134.073,2.2346,205.3,220.0,4.47,21122,0.027837,0.020328,0.019018,0.002727,29900,OK,cuda,NVIDIA H100 80GB HBM3 MIG 2g.20gb,2.9.0
2026-04-28T10:56:11.744581,elasticity,chebyshev-pinn,mlp,adam,0.001,30000,1,30,none,canpinn_hpc_20260428,134.75,2.2458,205.3,220.0,4.49,21122,0.031263,0.024574,0.019325,0.003902,29900,OK,cuda,NVIDIA H100 80GB HBM3 MIG 2g.20gb,2.9.0
2026-04-28T10:56:12.283387,elasticity,chebyshev-pinn,mlp,adam,0.001,30000,7,30,none,canpinn_hpc_20260428,129.021,2.1503,205.3,220.0,4.3,21122,0.033908,0.025768,0.022041,0.004186,29900,OK,cuda,NVIDIA H100 80GB HBM3 MIG 2g.20gb,2.9.0
2026-04-28T10:56:14.687470,elasticity,chebyshev-pinn,mlp,adam,0.001,30000,42,30,none,canpinn_hpc_20260428,131.425,2.1904,205.3,220.0,4.38,21122,0.028091,0.020518,0.019187,0.002142,29900,OK,cuda,NVIDIA H100 80GB HBM3 MIG 2g.20gb,2.9.0
2026-04-28T10:56:21.949337,elasticity,chebyshev-pinn,mlp,adam,0.001,30000,23,30,none,canpinn_hpc_20260428,138.686,2.3114,205.3,220.0,4.62,21122,0.03202,0.024212,0.020954,0.00268,29500,OK,cuda,NVIDIA H100 80GB HBM3 MIG 2g.20gb,2.9.0
2026-04-28T10:56:48.078823,kovasznay,chebyshev-pinn,pirate-net,adam,0.001,30000,0,30,none,canpinn_hpc_20260428,366.034,6.1006,319.0,344.0,12.2,20983,0.009632,0.005342,0.008016,4.7e-05,5900,OK,cuda,NVIDIA H100 80GB HBM3 MIG 2g.20gb,2.9.0
2026-04-28T10:57:23.862974,elasticity,chebyshev-pinn,tsa-pinn,adam,0.001,30000,0,30,none,canpinn_hpc_20260428,200.59,3.3432,361.2,386.0,6.69,21506,0.077505,0.05424,0.055363,0.071172,29900,OK,cuda,NVIDIA H100 80GB HBM3 MIG 2g.20gb,2.9.0
2026-04-28T10:57:28.672639,cavity,chebyshev-pinn,pirate-net,adam,0.001,30000,42,50,none,canpinn_hpc_20260428,581.385,9.6898,569.4,594.0,19.38,20983,0.022468,0.011405,0.019358,0.025789,25600,OK,cuda,NVIDIA H100 80GB HBM3 MIG 2g.20gb,2.9.0
2026-04-28T10:57:54.727872,cavity,chebyshev-pinn,pirate-net,adam,0.001,30000,7,50,none,canpinn_hpc_20260428,607.437,10.124,569.4,594.0,20.25,20983,0.02075,0.012185,0.016795,0.029842,8800,OK,cuda,NVIDIA H100 80GB HBM3 MIG 2g.20gb,2.9.0
2026-04-28T10:57:58.452160,cavity,chebyshev-pinn,pirate-net,adam,0.001,30000,23,50,none,canpinn_hpc_20260428,611.162,10.186,569.4,594.0,20.37,20983,0.021301,0.012659,0.017132,0.024147,1700,OK,cuda,NVIDIA H100 80GB HBM3 MIG 2g.20gb,2.9.0
2026-04-28T10:59:56.739666,kovasznay,chebyshev-pinn,pirate-net,adam,0.001,30000,1,30,none,canpinn_hpc_20260428,360.682,6.0114,319.0,344.0,12.02,20983,0.029428,0.010434,0.027516,5e-06,5300,OK,cuda,NVIDIA H100 80GB HBM3 MIG 2g.20gb,2.9.0
2026-04-28T11:00:04.124192,kovasznay,chebyshev-pinn,pirate-net,adam,0.001,30000,42,30,none,canpinn_hpc_20260428,367.892,6.1315,319.0,344.0,12.26,20983,0.011323,0.004953,0.010183,1.6e-05,4500,OK,cuda,NVIDIA H100 80GB HBM3 MIG 2g.20gb,2.9.0
2026-04-28T11:00:06.779654,kovasznay,chebyshev-pinn,pirate-net,adam,0.001,30000,23,30,none,canpinn_hpc_20260428,369.959,6.166,319.0,344.0,12.33,20983,0.021926,0.006055,0.021073,0.00011,29300,OK,cuda,NVIDIA H100 80GB HBM3 MIG 2g.20gb,2.9.0
2026-04-28T11:00:06.914658,kovasznay,chebyshev-pinn,pirate-net,adam,0.001,30000,7,30,none,canpinn_hpc_20260428,370.093,6.1682,319.0,344.0,12.34,20983,0.039353,0.014806,0.036462,8.7e-05,29700,OK,cuda,NVIDIA H100 80GB HBM3 MIG 2g.20gb,2.9.0
2026-04-28T11:00:23.947188,elasticity,chebyshev-pinn,tsa-pinn,adam,0.001,30000,23,30,none,canpinn_hpc_20260428,196.094,3.2682,361.2,386.0,6.54,21506,0.084865,0.065006,0.054556,0.069784,29600,OK,cuda,NVIDIA H100 80GB HBM3 MIG 2g.20gb,2.9.0
2026-04-28T11:00:24.757859,elasticity,chebyshev-pinn,tsa-pinn,adam,0.001,30000,42,30,none,canpinn_hpc_20260428,196.901,3.2817,361.2,386.0,6.56,21506,0.058538,0.043681,0.03897,0.063086,29900,OK,cuda,NVIDIA H100 80GB HBM3 MIG 2g.20gb,2.9.0
2026-04-28T11:00:25.779771,elasticity,chebyshev-pinn,tsa-pinn,adam,0.001,30000,7,30,none,canpinn_hpc_20260428,198.216,3.3036,361.2,386.0,6.61,21506,0.063034,0.043643,0.045481,0.066838,29900,OK,cuda,NVIDIA H100 80GB HBM3 MIG 2g.20gb,2.9.0
2026-04-28T11:00:48.956393,elasticity,chebyshev-pinn,tsa-pinn,adam,0.001,30000,1,30,none,canpinn_hpc_20260428,221.169,3.6861,361.2,386.0,7.37,21506,0.058574,0.043858,0.038824,0.064533,29800,OK,cuda,NVIDIA H100 80GB HBM3 MIG 2g.20gb,2.9.0
2026-04-28T11:00:51.552787,kovasznay,chebyshev-pinn,mlp,adam,0.001,30000,7,30,none,canpinn_hpc_20260428,605.002,10.0834,194.4,210.0,20.17,21187,0.005449,0.00244,0.004872,0.000857,21500,OK,cuda,NVIDIA H100 80GB HBM3 MIG 2g.20gb,2.9.0
2026-04-28T11:01:26.397084,elasticity,chebyshev-pinn,pirate-net,adam,0.001,30000,23,30,none,canpinn_hpc_20260428,258.878,4.3146,321.6,346.0,8.63,20944,0.020217,0.014661,0.01392,0.001397,29800,OK,cuda,NVIDIA H100 80GB HBM3 MIG 2g.20gb,2.9.0
2026-04-28T11:01:27.141806,elasticity,chebyshev-pinn,pirate-net,adam,0.001,30000,7,30,none,canpinn_hpc_20260428,256.895,4.2816,321.6,346.0,8.56,20944,0.018837,0.014048,0.012549,0.001091,29100,OK,cuda,NVIDIA H100 80GB HBM3 MIG 2g.20gb,2.9.0
2026-04-28T11:01:31.781657,elasticity,chebyshev-pinn,pirate-net,adam,0.001,30000,0,30,none,canpinn_hpc_20260428,258.643,4.3107,321.6,346.0,8.62,20944,0.02029,0.014536,0.014156,0.001181,29400,OK,cuda,NVIDIA H100 80GB HBM3 MIG 2g.20gb,2.9.0
2026-04-28T11:01:32.615688,elasticity,chebyshev-pinn,pirate-net,adam,0.001,30000,1,30,none,canpinn_hpc_20260428,259.534,4.3256,321.6,346.0,8.65,20944,0.022403,0.0172,0.014356,0.001902,29900,OK,cuda,NVIDIA H100 80GB HBM3 MIG 2g.20gb,2.9.0
2026-04-28T11:01:42.320545,elasticity,chebyshev-pinn,pirate-net,adam,0.001,30000,42,30,none,canpinn_hpc_20260428,274.384,4.5731,321.6,346.0,9.15,20944,0.023242,0.016557,0.016311,0.001581,29800,OK,cuda,NVIDIA H100 80GB HBM3 MIG 2g.20gb,2.9.0
2026-05-03T13:17:23.535593,cavity,can-pinn-faithful,mlp,adam,0.001,30000,23,50,none,can_pinn_faithful_20260503,332.898,5.5483,304.6,572.0,11.1,21187,0.025693,0.021699,0.013759,0.003147,100,OK,cuda,NVIDIA H100 80GB HBM3 MIG 2g.20gb,2.9.0
2026-05-03T13:17:24.752837,cavity,can-pinn-faithful,mlp,adam,0.001,30000,7,50,none,can_pinn_faithful_20260503,334.116,5.5686,304.6,572.0,11.14,21187,0.037044,0.030721,0.020698,0.003536,100,OK,cuda,NVIDIA H100 80GB HBM3 MIG 2g.20gb,2.9.0
2026-05-03T13:17:32.967704,cavity,can-pinn-faithful,mlp,adam,0.001,30000,0,50,none,can_pinn_faithful_20260503,342.328,5.7055,304.6,572.0,11.41,21187,0.039539,0.024264,0.031218,0.002474,1000,OK,cuda,NVIDIA H100 80GB HBM3 MIG 2g.20gb,2.9.0
2026-05-03T13:17:34.100200,cavity,can-pinn-faithful,mlp,adam,0.001,30000,1,50,none,can_pinn_faithful_20260503,343.46,5.7243,304.6,572.0,11.45,21187,0.041316,0.036412,0.019523,0.004087,200,OK,cuda,NVIDIA H100 80GB HBM3 MIG 2g.20gb,2.9.0
2026-05-03T13:17:40.365372,cavity,can-pinn-faithful,mlp,adam,0.001,30000,42,50,none,can_pinn_faithful_20260503,349.727,5.8288,304.6,572.0,11.66,21187,0.032459,0.026863,0.018219,0.001447,100,OK,cuda,NVIDIA H100 80GB HBM3 MIG 2g.20gb,2.9.0
2026-05-03T13:20:34.042450,elasticity,can-pinn-faithful,mlp,adam,0.001,30000,1,51,none,can_pinn_faithful_20260503,158.817,2.647,174.6,302.0,5.29,21122,0.119161,0.092228,0.075453,0.003539,30000,OK,cuda,NVIDIA H100 80GB HBM3 MIG 2g.20gb,2.9.0
2026-05-03T13:20:34.567038,elasticity,can-pinn-faithful,mlp,adam,0.001,30000,0,51,none,can_pinn_faithful_20260503,159.337,2.6556,174.6,302.0,5.31,21122,0.11334,0.084468,0.075571,0.001925,29700,OK,cuda,NVIDIA H100 80GB HBM3 MIG 2g.20gb,2.9.0
2026-05-03T13:20:34.745263,elasticity,can-pinn-faithful,mlp,adam,0.001,30000,23,51,none,can_pinn_faithful_20260503,159.514,2.6586,174.6,302.0,5.32,21122,0.11179,0.081792,0.076204,0.001792,29900,OK,cuda,NVIDIA H100 80GB HBM3 MIG 2g.20gb,2.9.0
2026-05-03T13:20:36.193122,elasticity,can-pinn-faithful,mlp,adam,0.001,30000,42,51,none,can_pinn_faithful_20260503,160.969,2.6828,174.6,302.0,5.37,21122,0.104752,0.079187,0.068574,0.000971,30000,OK,cuda,NVIDIA H100 80GB HBM3 MIG 2g.20gb,2.9.0
2026-05-03T13:20:37.013711,elasticity,can-pinn-faithful,mlp,adam,0.001,30000,7,51,none,can_pinn_faithful_20260503,161.784,2.6964,174.6,302.0,5.39,21122,0.123111,0.092743,0.080963,0.003256,29900,OK,cuda,NVIDIA H100 80GB HBM3 MIG 2g.20gb,2.9.0
2026-05-03T13:22:37.525758,cavity,can-pinn-faithful,tsa-pinn,adam,0.001,30000,42,50,none,can_pinn_faithful_20260503,646.871,10.7812,754.2,1416.0,21.56,21571,0.040119,0.03118,0.025245,0.01641,400,OK,cuda,NVIDIA H100 80GB HBM3 MIG 2g.20gb,2.9.0
2026-05-03T13:22:49.573940,kovasznay,can-pinn-faithful,mlp,adam,0.001,30000,1,51,none,can_pinn_faithful_20260503,298.428,4.9738,314.7,510.0,9.95,21187,0.015484,0.007427,0.013586,0.000175,28600,OK,cuda,NVIDIA H100 80GB HBM3 MIG 2g.20gb,2.9.0
2026-05-03T13:22:49.992707,cavity,can-pinn-faithful,tsa-pinn,adam,0.001,30000,7,50,none,can_pinn_faithful_20260503,659.338,10.989,754.2,1416.0,21.98,21571,0.01895,0.009834,0.016199,0.017507,100,OK,cuda,NVIDIA H100 80GB HBM3 MIG 2g.20gb,2.9.0
2026-05-03T13:22:50.782037,kovasznay,can-pinn-faithful,mlp,adam,0.001,30000,0,51,none,can_pinn_faithful_20260503,299.636,4.9939,314.7,510.0,9.99,21187,0.016189,0.008805,0.013585,4.6e-05,18300,OK,cuda,NVIDIA H100 80GB HBM3 MIG 2g.20gb,2.9.0
2026-05-03T13:22:54.077450,kovasznay,can-pinn-faithful,mlp,adam,0.001,30000,42,51,none,can_pinn_faithful_20260503,298.846,4.9808,314.7,510.0,9.96,21187,0.018388,0.006865,0.017058,0.000236,29600,OK,cuda,NVIDIA H100 80GB HBM3 MIG 2g.20gb,2.9.0
2026-05-03T13:22:54.164342,kovasznay,can-pinn-faithful,mlp,adam,0.001,30000,23,51,none,can_pinn_faithful_20260503,298.933,4.9822,314.7,510.0,9.96,21187,0.015013,0.007624,0.012933,0.000112,24400,OK,cuda,NVIDIA H100 80GB HBM3 MIG 2g.20gb,2.9.0
2026-05-03T13:23:07.383386,elasticity,can-pinn-faithful,tsa-pinn,adam,0.001,30000,42,51,none,can_pinn_faithful_20260503,312.042,5.2007,358.0,686.0,10.4,21506,0.173766,0.139062,0.104195,0.06837,29900,OK,cuda,NVIDIA H100 80GB HBM3 MIG 2g.20gb,2.9.0
2026-05-03T13:23:07.691331,kovasznay,can-pinn-faithful,mlp,adam,0.001,30000,7,51,none,can_pinn_faithful_20260503,316.093,5.2682,314.7,510.0,10.54,21187,0.017013,0.009219,0.014299,0.000241,28500,OK,cuda,NVIDIA H100 80GB HBM3 MIG 2g.20gb,2.9.0
2026-05-03T13:23:08.377983,elasticity,can-pinn-faithful,tsa-pinn,adam,0.001,30000,7,51,none,can_pinn_faithful_20260503,313.037,5.2173,358.0,686.0,10.43,21506,0.146977,0.126439,0.074937,0.062594,29900,OK,cuda,NVIDIA H100 80GB HBM3 MIG 2g.20gb,2.9.0
2026-05-03T13:23:08.461544,elasticity,can-pinn-faithful,tsa-pinn,adam,0.001,30000,1,51,none,can_pinn_faithful_20260503,313.131,5.2189,358.0,684.0,10.44,21506,0.155331,0.133764,0.078961,0.067158,30000,OK,cuda,NVIDIA H100 80GB HBM3 MIG 2g.20gb,2.9.0
2026-05-03T13:23:09.036772,elasticity,can-pinn-faithful,tsa-pinn,adam,0.001,30000,23,51,none,can_pinn_faithful_20260503,313.696,5.2283,358.0,686.0,10.46,21506,0.133221,0.111455,0.072978,0.06219,29800,OK,cuda,NVIDIA H100 80GB HBM3 MIG 2g.20gb,2.9.0
2026-05-03T13:23:13.268934,elasticity,can-pinn-faithful,tsa-pinn,adam,0.001,30000,0,51,none,can_pinn_faithful_20260503,318.039,5.3006,358.0,686.0,10.6,21506,0.123446,0.102421,0.068913,0.061547,30000,OK,cuda,NVIDIA H100 80GB HBM3 MIG 2g.20gb,2.9.0
2026-05-03T13:23:20.156736,cavity,can-pinn-faithful,tsa-pinn,adam,0.001,30000,0,50,none,can_pinn_faithful_20260503,689.499,11.4916,754.2,1416.0,22.98,21571,0.027725,0.012194,0.024899,0.017528,4400,OK,cuda,NVIDIA H100 80GB HBM3 MIG 2g.20gb,2.9.0
2026-05-03T13:23:28.283492,cavity,can-pinn-faithful,tsa-pinn,adam,0.001,30000,1,50,none,can_pinn_faithful_20260503,697.626,11.6271,754.2,1416.0,23.25,21571,0.02433,0.011795,0.021279,0.010486,200,OK,cuda,NVIDIA H100 80GB HBM3 MIG 2g.20gb,2.9.0
2026-05-03T13:23:29.312107,cavity,can-pinn-faithful,tsa-pinn,adam,0.001,30000,23,50,none,can_pinn_faithful_20260503,698.653,11.6442,754.2,1416.0,23.29,21571,0.029645,0.012971,0.026657,0.018499,100,OK,cuda,NVIDIA H100 80GB HBM3 MIG 2g.20gb,2.9.0
2026-05-03T13:25:24.295926,elasticity,can-pinn-faithful,pirate-net,adam,0.001,30000,7,51,none,can_pinn_faithful_20260503,449.039,7.484,291.2,546.0,14.97,20944,0.088412,0.062204,0.062829,0.000627,23700,OK,cuda,NVIDIA H100 80GB HBM3 MIG 2g.20gb,2.9.0
2026-05-03T13:25:25.824085,elasticity,can-pinn-faithful,pirate-net,adam,0.001,30000,23,51,none,can_pinn_faithful_20260503,450.568,7.5095,291.2,546.0,15.02,20944,0.106733,0.075857,0.075085,0.000693,29800,OK,cuda,NVIDIA H100 80GB HBM3 MIG 2g.20gb,2.9.0
2026-05-03T13:25:25.944238,elasticity,can-pinn-faithful,pirate-net,adam,0.001,30000,1,51,none,can_pinn_faithful_20260503,450.706,7.5118,291.2,546.0,15.02,20944,0.109117,0.093581,0.056117,0.001525,30000,OK,cuda,NVIDIA H100 80GB HBM3 MIG 2g.20gb,2.9.0
2026-05-03T13:25:26.815874,elasticity,can-pinn-faithful,pirate-net,adam,0.001,30000,0,51,none,can_pinn_faithful_20260503,451.56,7.526,291.2,546.0,15.05,20944,0.103632,0.080107,0.065744,0.00103,29400,OK,cuda,NVIDIA H100 80GB HBM3 MIG 2g.20gb,2.9.0
2026-05-03T13:25:29.309300,elasticity,can-pinn-faithful,pirate-net,adam,0.001,30000,42,51,none,can_pinn_faithful_20260503,454.052,7.5675,291.2,546.0,15.14,20944,0.080395,0.062461,0.050616,0.000688,24700,OK,cuda,NVIDIA H100 80GB HBM3 MIG 2g.20gb,2.9.0
2026-05-03T13:27:54.464855,kovasznay,can-pinn-faithful,tsa-pinn,adam,0.001,30000,1,51,none,can_pinn_faithful_20260503,599.222,9.987,783.3,1290.0,19.97,21571,0.01086,0.005947,0.009087,0.000472,22500,OK,cuda,NVIDIA H100 80GB HBM3 MIG 2g.20gb,2.9.0
2026-05-03T13:27:57.521135,kovasznay,can-pinn-faithful,tsa-pinn,adam,0.001,30000,0,51,none,can_pinn_faithful_20260503,601.484,10.0247,783.3,1290.0,20.05,21571,0.015885,0.00669,0.014408,0.000596,28600,OK,cuda,NVIDIA H100 80GB HBM3 MIG 2g.20gb,2.9.0
2026-05-03T13:27:59.606148,kovasznay,can-pinn-faithful,tsa-pinn,adam,0.001,30000,7,51,none,can_pinn_faithful_20260503,604.363,10.0727,783.3,1290.0,20.15,21571,0.014382,0.005645,0.013227,0.001369,23200,OK,cuda,NVIDIA H100 80GB HBM3 MIG 2g.20gb,2.9.0
2026-05-03T13:27:59.822558,kovasznay,can-pinn-faithful,tsa-pinn,adam,0.001,30000,23,51,none,can_pinn_faithful_20260503,604.58,10.0763,783.3,1290.0,20.15,21571,0.011918,0.005921,0.010343,0.000778,24200,OK,cuda,NVIDIA H100 80GB HBM3 MIG 2g.20gb,2.9.0
2026-05-03T13:28:01.619413,kovasznay,can-pinn-faithful,tsa-pinn,adam,0.001,30000,42,51,none,can_pinn_faithful_20260503,606.377,10.1063,783.3,1290.0,20.21,21571,0.012237,0.005388,0.010987,0.000953,29300,OK,cuda,NVIDIA H100 80GB HBM3 MIG 2g.20gb,2.9.0
2026-05-03T13:28:38.827462,cavity,can-pinn-faithful,pirate-net,adam,0.001,30000,0,50,none,can_pinn_faithful_20260503,893.188,14.8865,565.7,1008.0,29.77,20983,0.047168,0.027503,0.03832,0.001729,7600,OK,cuda,NVIDIA H100 80GB HBM3 MIG 2g.20gb,2.9.0
2026-05-03T13:28:59.144434,cavity,can-pinn-faithful,pirate-net,adam,0.001,30000,7,50,none,can_pinn_faithful_20260503,913.722,15.2287,565.7,1008.0,30.46,20983,0.04713,0.032452,0.034178,0.002193,400,OK,cuda,NVIDIA H100 80GB HBM3 MIG 2g.20gb,2.9.0
2026-05-03T13:29:29.054868,cavity,can-pinn-faithful,pirate-net,adam,0.001,30000,1,50,none,can_pinn_faithful_20260503,943.382,15.723,565.7,1010.0,31.45,20983,0.045257,0.026565,0.036639,0.001114,200,OK,cuda,NVIDIA H100 80GB HBM3 MIG 2g.20gb,2.9.0
2026-05-03T13:31:23.509070,kovasznay,can-pinn-faithful,pirate-net,adam,0.001,30000,42,51,none,can_pinn_faithful_20260503,808.251,13.4708,586.8,884.0,26.94,20983,0.031916,0.010055,0.030291,4e-06,12300,OK,cuda,NVIDIA H100 80GB HBM3 MIG 2g.20gb,2.9.0
2026-05-03T13:31:24.271260,kovasznay,can-pinn-faithful,pirate-net,adam,0.001,30000,23,51,none,can_pinn_faithful_20260503,809.013,13.4836,586.8,884.0,26.97,20983,0.033463,0.009132,0.032193,0.000241,6600,OK,cuda,NVIDIA H100 80GB HBM3 MIG 2g.20gb,2.9.0
2026-05-03T13:31:29.014990,kovasznay,can-pinn-faithful,pirate-net,adam,0.001,30000,7,51,none,can_pinn_faithful_20260503,813.755,13.5626,586.8,884.0,27.13,20983,0.053888,0.022458,0.048985,6e-06,1300,OK,cuda,NVIDIA H100 80GB HBM3 MIG 2g.20gb,2.9.0
2026-05-03T13:31:31.648375,kovasznay,can-pinn-faithful,pirate-net,adam,0.001,30000,1,51,none,can_pinn_faithful_20260503,816.388,13.6065,586.8,884.0,27.21,20983,0.057158,0.025154,0.051325,1.1e-05,1200,OK,cuda,NVIDIA H100 80GB HBM3 MIG 2g.20gb,2.9.0
2026-05-03T13:32:27.759003,kovasznay,can-pinn-faithful,pirate-net,adam,0.001,30000,0,51,none,can_pinn_faithful_20260503,872.483,14.5414,586.8,884.0,29.08,20983,0.046685,0.017222,0.043392,1.7e-05,2700,OK,cuda,NVIDIA H100 80GB HBM3 MIG 2g.20gb,2.9.0
2026-05-03T13:33:21.255210,cavity,can-pinn-faithful,pirate-net,adam,0.001,30000,23,50,none,can_pinn_faithful_20260503,929.695,15.4949,565.7,1008.0,30.99,20983,0.047469,0.030401,0.036456,0.00224,200,OK,cuda,NVIDIA H100 80GB HBM3 MIG 2g.20gb,2.9.0
2026-05-03T13:33:25.395692,cavity,can-pinn-faithful,pirate-net,adam,0.001,30000,42,50,none,can_pinn_faithful_20260503,933.834,15.5639,565.7,1008.0,31.13,20983,0.050454,0.017566,0.047298,0.002756,200,OK,cuda,NVIDIA H100 80GB HBM3 MIG 2g.20gb,2.9.0
